2iBZzkJtM7j5TUnKrKTMuxmJNgGE67BF8WKBWyhRQCnM,15730960304322
DRuE3TUFAssnwUiNUzoEHDfLtniVii1hxAScTok6igN,213795778864142
82pied3a65keiatg8iSPDgKbZWH9NceLKKNxfTeKDUkf,100433487978345
FW8VVrdTuraTfoyKmkadDHHEh5c3FowxeDkuLGyNsYhV,95536351104521
B9DVsnMR4YbpBVBgBGqTohSkbD5RWkZv9Vw5xBBc5KUu,20718424235052
47yRMQUtwHEwK1CQ3nbiK1LHkL3D9iJHRoGNE4V445KY,5523841838808
E7X7twi7nxP9evpkdMovjH8XafrJ2sNpVgJ7ZekKRMF8,5523841838808
7peYvvhmC9Vt9E9CnV37phVAyFUmVTLzaYuDvvNpxWce,502167439891
DPs8V7XepsrsmNQvmZYP5CLg2uzfmF5tHGPvEKtTyjPg,59148294075086
Fm7bdrwiRWvhkaFMBrCkXv9mMqJKz5RcUhRwNw6gEHpP,20416119436238
8VK1pm5dXM8jVVCsa6EBf3b4YTmvZv6TaR6nTCYNSzFv,22095367355235
iuVaY6LTSuetSqw26pHSzTyJsh5Yezxx4j8H3Umzk8b,3767949107795259
H7MyRmmGifZhMsBCyKiHZqeSou9tZeN3f9ocqXi1792n,50331238165467
And5YA2SvTULUurpeSFpz67FGEhsVNuz1NnPdZZenPYL,50317177477150
GLPksNnfaesu5n9hHZwSV8qt9Qc2UGgDVkTUEgECiooo,2650516077199393
74u1iS1o4r1F8HAYVFTkJqp3A4ujP8PVS7SMtKEL8bFr,184773513843040
5uL9o1ihszCud8ttB45mxohRQJXHJHxZZmNXxA2z2qSw,60260092787007
8zfMUqj3uqyXfA89pWwPBgFTtYsSTfV3rgfynyvzb61w,236568067928352
TPjBz6Pj3aVBAJry9S8bHwK8RZz64Wic7YdbvCzZX7G,512210788689560
AB53ePryC3fsQ3UC6yD3AgjhXcy4zXWP3V3BAf1zTvaX,23383929005998
3i9cTHV5KpUJAW9G5JEj7vkhckxmmjyTvfXpPfdcM5Jt,8409295948426
9JfJy764g3ZquUvHsYhxHrx7BoSm68HuASjeGfR1yddy,22095367355235
F7cJudB1BsCxrR3otPcXazvebgpsuXCvvPrfDAQdJYeH,10032985205812
3f5Egzjy2voJ4FfqRYN1fcVxTeSemBpveNqhVFXMVA8r,2008669759566904
ESHy9cvUdc3p8Bv8XcFtFDCYdVWf9sAqZCMTaMa99hR3,133815570712587
DHshNMN81UxxuetgjjjVZr3Ea25vdsEaQKEDYLEL7gi9,110350290581327
2LxXgcZM3JpT1ePhjVNfynxaFPYwHPrZp46W4tb2G1ha,22095367355235
3mxuKNjKyDUTR9UnouzjXGyR4n7iUaiGRWvPgHQdRcEJ,3316451451859085
J1Zfy19zBB2UUgmHTyqGmv3D4Go9C3GMTwe1HevE7JSh,160109057865318
6WDKumzXgtpwTyi11C7BadDYmtXEkXRfbCYSNSGe89KK,8566976524552
5JPmD1FC2dwh5G7CNo4gPVxRf5yUHFk6rqDUpnjA2UY,100433487978345
7WisQ2iP9G5senHHTcFtbQkM7nGpt2kANV6TrHPtTXuA,12694792880462
CMECcsiZuX4fcBChqozwWEQ72C8Tcqdoe9TR1fyo9K7m,3013004639350356
FbQbHJfbmv62UoSrqWqmCjvaj2wvidss8UwgKCjBiC5G,753251159837589
2CuEdd5QvDpp95mvNEQx5ue1nhLRwVof8VFFZYHPKA1w,3254045010498384
BmfM1nNvY7zUKkfosUGYvUorfTo3iMfG7gHzMyzW4xJA,29125711513720
4uEoYwRJXXBZdMwgGrMmn1NDhszv9uGag7ZXD9XicwHo,22095367355235
4D3Wob38hrXegk5kNTvVd5qs8SUZHaNVgyWCdUB1gxi9,2204627546631212
2wY9556md4fTts3qy8gMiQ5a6SBfQHDLR9PU7G83e4wV,5523841838808
hudWXdyi66MERYwPeMt1vPEuEVsfem7Ti8R7PvNQo2o,1326567691282934
DdErcCxbtV9NVKKD2crTZMFp6MMR17HfM5PUqc2yX3VJ,366722838004129
3B2S6Fpc6fzdKsG7TCzynQYS2gaHTV2rk1NqLcsMgv8B,28085220578264
CsxDReXxVxosKpQJKxvmwFXfEo7YKzX8dk863PbiMLQh,22095367355235
9XWrZe762MPV3Bste6LhE4Eym8Wnu2viwM5KxcXuCuFf,3030063267283477
GchLGbK2aRGvmRDD1G2A3U3J1n52bntxYW4c5FBxRxQv,5021674398
7buGn9Kn9Bf3a1PkKopWKoe7QmYb6eodzqLA48p4tCzG,100433487978345
2LCNiKHRhuW7qDCNfYWeARcnHyufRxMAGZAU9vYDgXLu,2008669759566
6wE8GG7P37o3MVTPqjaY5rtPM9dV5Mkj2B9RywMDgfsv,166994777801113
HthsKTnRvV9J2KiBfUUmCvSW7fVP44nfypqCTLtiQWmi,11348984141553
7CS3VbU8KpXu9VfM3BxhRtcMgk4uh3NjpXqFExcpNc4t,365328909857690
Hdd4qyo9V5xWHtFDqe9NMjjX692x5eJFgRwHP4XDFYTn,900048763206257
7aZwiZ8AXgxrvZAtKAZbMuwT8Z9bxGYppsuKv6gLAqp1,2011132388692133
AzvrZYAx6WDdd6tYD2KpHfKE85bK1XdEPubQekuHgG6y,602600927870
D8riWTcRV5EE67VZiGJuYeufmBJDgRR1uc7umo7bzpWP,52745659216467
Q4R5hfYj8nNtDfiPUAcacyZV8nEf5mtAjGDsrsGmwLo,5528863513207
DYsRkABvFHuRVhxeStiZXLCDAJUSkZzdXszdxfQ5xKv5,102442157737912
GeSfbB3FEnwwuxgFuVVLaXoS4fUHzHyX2SkxUmZwYkD9,75325115983758
839iEmeDtZbeSSih2g8k2P8sw2oQPTtT9t83gG7pRYvt,50216743989172
2xFfJdKE1cRPiBzJMJnkQkdrbjcyrc9wLfJurqMKq9To,5523841838808
BZezg1rJ78rmdE3pszWrkuFJB3ETH1p3wJDAPnsAG57m,810109276116
E9QuA9Mj7mCfM6gZPLc5d6kvJLzLBcVPPqBCdymUAxhA,59293995331435
FrtD3NmvWpd6vYPuM8guZXJrqnRfkZerWutfj9P3V2Zv,555269637990516
6EVf1yKeqHV5Bpet1VdwxEcX3D4jaxVtLDpTbS1ETRqA,100682390105164
HwUu7KhVp6iKTCphwEbDUfXdoxXnUFW3LrXmDtyUWduk,5523841838808
HtQCyXPVvR6KcttZ34iFyPsGgYQYsoqefMFXWnwqNtDe,10043348797834
FLqo5X6zhZyP6pSNujmmLNzynuwKju4yGbCsHUmo4GMN,301400897423013
951ZqMw3Y4bFysnuz4fF93wUM7fbqJ8Nie7nPA3H4cvQ,10043348797834
Hq3gcemmRSPw3QrvEVk7yE8K9BEYcbhfhBxGuHAufJXp,424661912883957
Db47sgUE7MjyaAkpPeu8jykJyC9Zzt1KZR7xZmM3zNpZ,10344649261769
FZKNimzrerSyiD4XCbiRYDS79q92WvYG4rxCbNf4q562,1053547288892
HZagDqWWaqq573YJKiW3VKXn8ki8mR2wpMT1XXyS93cz,4908184557501
2Br9MdSq2oSuNf3jNKi51f1CZ3MQpWbJGBQuejCq36ph,21101075824250
4uveyvyMfW3K3qFyC1NYc2cH6T97erp8xMsub8nogh7D,64369831115081
8KQpn69izkxnduLDYkFUkRou7ot7QYfcwxgg49k2MgUa,30130046393503
rn6SS2CNKsUHPzkkPHev6phRypYH96AMkqdfSMAigPQ,3061212713579
AjPGKmzx6AuLiRom7wKh4modtDT1KBTdfNr6gqseTb9E,15275933521506
GBGTWdugyb3kRRs7TuAT8LXbFCZjHmijws4XWDni4bNb,114589588108892
GmUg6N8QasmoGtF6LLZ4wMH9STvVwk8JWiyZizYNeUdn,21291899451409
FxpJE923YvMARLEbQLBLhTqXP13A4XMJcc7E7Bqewi99,100439513987623
Fv4PPqDMwsdDaMXKe8rBKGCCU4t3wAVL69HmwNjZF4rX,719103773924
3keczTgP8EH3uZTvatW62ga5YRgRKJBxaAPMBkMMwoUu,502167439891
5QaSMLRq8sCgrJbebKitEx6sE22avLgGXcxxFjmbtSdp,100433487978345
9SGqnTPz7szdUWurrPcPEniQ3t9PBQS39Q8ibc1bpCDo,419626843359404
HhD2b3HKuyGeoWBTGJT3BggvZz6DSxjkRHa9A77NHrwP,255101059464
3uHB8mH4PxCYBg1s7Pg5DTcakeEt599KaPbsRtsWwmeN,628666431005091
AuCPPPDywCr9tq3LrYC4cGM5mpfYpZy1ZKYhshZvPtFj,77509544347287
D4ZScw5yrupMoKyXeBXLjQwGeud9s7kZS3Qt5ozD6wWp,100433487978345
BYTsLvGPZBVwHFZM1XtkSvk6tbFy8gX6yz61N22EoXB6,502167439891
DKtMmfWYEWQMU7mKrSeU17BsTYcKrEtam945chGLsDT6,20177405104671
XPc3rhRriZd97VNADETZKruqCbjUoAb4ZDY8RJV4ByG,31221758407828
Ej86vUGUrEcdv4r1nt2gfZpdMpnkfH9hxZqM5sLof2R4,5523841838808
ztyccTK9V4DPSHDGVB4YxGcJoTBQZmkNvGME6JRz6Sf,30130046393503
CVNSLib9oSzdza3WBAh8GYpE7xqVtHfEwXrAjz2w588a,2008669759566
A9gmDhoPQXbXRJDYQSrBiJqQrw3Z5pjEoQpZLNpoNK4r,29577662209622
DdV61cCSzWZLMwCGbC8wL36nMSAWtULRXGqm34tZT7jU,59928662276678
CrXNnKZSR1XJ6pDM2MaxsAXpaywf3qZkNTJn4Wp4ohsU,120214867770560
6AhnEqPYqUw2XcjdaPjr91hCw9JjCss5tnYAW8pqhAua,2331567440756802
131FGr36obSnrZwSp7AFNqdGixngJMbieoeqHg1b1qcd,7632945086354
6i3d1nfeX9kEnFWbWmo83L26ueJjLUxRX367TaB3W3Kf,1104768367761797
HiW6EFTTv1ML3ZtRkMaqyRKnMmnKzNyopEY7VN1kYpRf,225096554931466
ATDg5tfy3L8fvsppsvFRDzguQ68GZkukimVd1pT8gXF1,50216743989172
6RQsAB9G8fw4MikAXk8Tw3FXwjiRw3F36dFvsnKUcpva,683791359551765
FNXHVg3SGSFY32VDnPTz9r2mr2V11effzHfX5KbPFVgT,22095367355235
CjCMUaqSqnFUvGU2bN4PDD2Vb3i2isN9APcSxJXh7oyV,141075907558542
8XDNdrzKYftTk94o7kzsAJCwchpd5mpFNGfmEDCQtfct,100433487978345
JFzAvPkz5J1MtNe6ktGQL941YvAVXLAb9Tw3f81Zf7T,602600927870071
5E9KFALq2DFfJT9dM3fnFMjDtkEGSZwWcNDAZSYpLGAt,20086697595669
FsbniJv8DJahS5iwDH3UW3gJxJeCtjQZHvZufdkFPedY,1508611422922723
6SBQXWGjAoPeRPNc4BQTNWE4ttv966DwoAzBTyPp5rFV,70303441584841
3f8GktNZ9u9Vchm1qbUMJ3ejWsMAZuWJXhoJGcjY5xfy,5523841838808
FrnTfyt1KSDUk5uWdH58AiraYQgtPtjRwbehCiY3GBWP,73316446224191
5vZpe3PUhzmEGSbHAY7ymS8VbCdcvHvYWKPkQdTsEbjd,20715411230413
C99Av1bmF2pNFvku8M2YEnkDacMD7h9Fok5HXGZChVtX,100433487978345
7Sw98hp6r1RuS7vKqmVM5W9rGVYGQqwym7D7Q7tJnuGW,50216743989172
B3rpMKjsn3Cso2NqWbrtmmVA45JKeT1e7VFPZbhYVBTu,22095367355235
3nA5h2RdvDbiYsrX9fMKTitMF1XPsZFqYQ74P4ehvHUU,31134381273287
AjSARKBNa7BMK8drxWjuP8DiFUphXejsHixKWYNesi4A,3013004639350
GfFmNN1bhJzgyoFao8oTfDTVbk8jXKZ9E8pZwdtTmEFq,3013004639350
Hn1i7bLb7oHpAL5AoyGvkn7YgwmWrVTbVsjXA1LYnELo,637388822326
pYWH9h9ce1mksekFgZwxAjvDkFLuTLhjjfQ1ePBDckR,465007049339738
TJFbn4yJywFgPQkQru6KM4jxrS4fDEA5KhZSMxzLTz5,1797759434812379
AAWncTi11oNhYUJJ3qsozgxkDyNDTkyypfBewmPkC7BH,5342114451565
DjuN5doJFVDekJ1bUrVY5n5tkmhurDa9fTkEqQThuPm,19082362715885
7KjNos3gPwmEL2v79JdGvjFQC9jRwcNnYdHerZjorgkh,125207731234592
Ak9LqhBWqDaXwdWqMbFMNyurj8QRmc7Bxx9hc8FoKAGg,1004334879783452
FwkEAedQuz9jDoWBKwMsm1QbrW4ozbXXL58reuJUhH4F,13111591855572
AVi4rYdxusdkdGuD6eS5xmHSXfo8qKXn84NaTJV64S5c,81727750842378
EGL7Hmcd6QknzAo6xA5X6vvurwrttQM6V8RWpDjSDt45,865986745758401
GRCBxEtJoKwN783hkTZSJq6NUuqXuneUXAhqA4PanzRQ,100433487978345
3AY82xLStCeue6ZKBjSGQoHuQ9pnYt39ei8m95Auy8ve,925194295591395
FFWfqNZGQKun8d1iePAnqkrob359Do2qXwV7CqvF4wq2,50216743989172
GZ5bMUaXXGBE5ZVQKDFtQrb8XFAS1vsy2XfpXSvP3uhc,5865315697935
FMnQ9NjwYEoFzTH5ZUgDFPDP1jmLpNqeq3X5quLsyn1Z,3814837485992830
C3k6yRDQceY1w3c92bTM4Be8fP4RNjRJVSkott7RYkoH,21304955804846
CWEhBitMzcQNqeXXU4aLcdk8LkSPeRCWGYdg8njwc7cg,165715255164269
6khqBRMvacFXs3DgewcBhxDxudgJvkfnVQAdP7dnasFb,23555670270441
AFhR17HnHRVpBZVNxKBnaiknDSsQprzwXFSbj4JF45Rv,50216743989172
DQC4aAGdn4bqfesj6N6QS1DqWk9puyS9Q2FGutboAyzv,100433487978345
F1GEdA4FioAtRRrrDYtFQTgitEueHPqEcXaf4KLkaYGs,17349885048259
4GGk4vTDd1FCA4NHd62xcwcab86KAm6dFtG7zrGKSGUx,5122107886895605
3ckCu9PpyWu2rVr85mjaxqj7HtgdVvoo8v6QejmEFaCc,13853795331732
3ZhDzyZZYAutYdL3e6JemW92K2BPGBt2FFhxy48GVqWb,1218893953156230
6JGFYew7dqg2kDJMaj4KmzhZDGM8a3AAdH4KQPCaSNhk,20086697595669
FU6qqSuBGq4TneRDQwbBAE6uTBYvgjR6qMJW9oRpEtQy,50216743989172
8Nty9vLxN3ZtT4DQjJ5uFrKtvan28rySiGVJ5dPzu81u,15065023196751780
CSqn7jpJEenKZ9fNqcyeKuLPW5vcT68gcbkJnGVzgv6N,117507180934663
DrYtHW21a5eKEXckLucg1wuJXZJXLCNHr2yEGs2KH5gu,14248453117713
gmfnPweiBMqbfQsG6rkbYFWsiMfRMewheddy6Z3LK4X,117210902145127
AwamGXVwCLPmtiifYpHojSs6vMtrnUzW8pFz4V9to39g,206955434990130
3DMacG5eKWnw1gNfHWuufPFD6MBw9j7c7i6TGVS7rRtv,9621528148325
DV2i3ayp23q3LGGdbZL7WeKGzWhkeJ77yv7f1fXzVeb4,123694888129009
85GvuU3jEU8x6ifhyCBBEdwcR7Z3P75hQ7bVPsY7LDDT,54745289962116
Bmuw4Ln7co9MfVYQxoyHZbHo4La7EQorZHsA7WtTv65k,11190299230547
44xX3bPjZo25n7eFvA6HKNwSSTPNnGoNtkpLr3xkkWuS,3013004639350
7cdkKpmXhoVZFydDsmmE3p9xke8GPwoyyo8srjkkEaQq,22095367355235
q79XUDSmvKKBeXPySFug43bbaL1eh2QX8NPNJcoe98F,11882285962718
DVoSpBaoD5sre8fhWBTTQgWW3a4fUntghbP5WjMivJ8s,38123547701700
AAgSGvs94M6g2n81hc7gaMry8rKN26AoogbyESFgKQa5,100443531327143
KFeVZK5ycnfTNbaJQRWSNzZH1TD7Ju4nrc1yn51fbDT,1016386898340
EvnRcuuaw6Ak6CWLQj3QFYUif6aSVwUpDrxYfJPXyRpt,36463382145418
2CkcVGNzCy1cwMr1ABrQ93QYPP6qWU3LrjW36HFY1JwZ,1004334879783
CNe5vNKzYWDcKw2xkaXeYoJM4tHoSEbhEKwAeVpJXnif,288749283675014
6m41uuavutdzYpwLUnq3qzzQxqvithtaNUwdKqFW4oJB,1004334879783
8gCYJjikWbK5p5MuNhReCQBQMwEJLMYwm4ECKfYh8t95,100433487978345
4XP9WkRwkfj8CXJFKpprbufCSgE8kq8GSDz3BDepsnU7,5021674398917
DWYVdG3myi3TQ2gR8FzBTrfmgcRTZkPWLcfPaJkpYTd8,10043348797834
2mmuH9YvpHCjdp1pdyHev4hA9bnN6utd7Rhte2DHRVbP,10043348797834
ErT2QekYRnAb9KZA2984XM7JSBp94HX1L2w6ArAY9Mjt,22095367355235
7orphA3BRzErf9iqj9561HPoA3ipoVhpwDvDmeGoRcyF,183793283000371
6ha5g7uWUU6T7SVWzZHJX6GhBnMAHxir9DMo1SDYMEVy,61592845172479
5BwV5dc39ULoifEGnu8svoEvKTixYyFxJxydRkq8Mesy,125541859972931
BmtXgnJUPSj2C2bhzqGScN5YYRARnEDdXdLheP2RWES6,13617776634983
CrVYjFn9nHTCApeBhYbhb3KgRKNFzWPaFcpcfhs5juNP,1751560030342
2jTagCT2qVQNCSGYUdtCb76NpvzLkAuMUcFrf2T45fVc,999653267148
DzVJTRsHf6Caa6nWa3A9NVA9vys8vZKtAW66SvJ7oVZQ,2008669759566
4ApcYyuzh9xswwpSZyLktMPidgB2YV25eA1XxMtsDeDu,5423408350830
5VWLNgaGXLKjgt47SAjutqV97QpwC68RYRqS6XAfPBgE,1009280224731505
GiiAEf4WJVYRr1wJhAypyE45Z8UHXDTrK8Rn63x9WgDC,17997681045719
3EAEEKB27gfWbx1RXqCzGW95CtvuhXGfTkH3f8SpuvdQ,59814168100383
5rm1q1xcLPHEF57Qto9Qt3YiZ6xozwtUS3br7Cg7wZfh,46552930347722
Etw1vUUcWoYU9svVqJdwPpbnWii5yfV72RmacW4ZnFDZ,162099649597049
A7W5urdtmg7HrYtGiGW4cHQF2Mgjhpcr3qKAt3HEexmp,94822269004995
6LpMWv82M8xSsPLTDuRooPWB2DVcEhBGXiPPrxZUxnU7,20701350542096
DRfkLqhZicKd5mFw9W2r3R77tV8G94TP2B2mXT8Lm7EQ,473583064878209
BRxt6tNsnaxeSsGYLUnp2KW3wdTvZjyULYrfjN7FCFHk,1004334879783
7rFWx8VfrV6bajhqbYytLbqU2LNJH22rED7T7672po8G,20228516445894
EKzhuJ3uddg3fgr9cBSJxAvFwexLPt9SGyjccfiL97by,1134898414155300
7tsvJ19qt4EAe92krFcAM12fdRs2kzpUEFFtrDf8X3U4,520979636524949
FKzeN1pJrKcXtMpr8PREjPnrm5BqUGDUPZswpFHn5uj7,161456875273987
84hQgmVvicVBSuHHtvAgEs9qxDVRxFEibkpQ1T5J6Vdy,10168890657807
3deeZCstJ2XeaumxMxyipoAPmDbm7KgY6gyAPuEXxBht,25108371994586
3MAud2gS61Rg3cvUkU7iFfFTdcQmEYVjjCsjL7X9Be1V,31134381273287
2rjJYujdCYjHKkFFqJ15uSbE9omtwch8GTWQWoQSEB4k,5523841838808
56PQWUTeZUVmwtPfGFauBKHk5WDLggSHrfaZSWyqm4nK,340469524246
FDEReHnP1eG7T6oz7kv9gqCvjnvcHVeSLSsgMypqgPko,6966066726178
F7kphYP8dR2Z1nZXSiFha74xd6CuQvnNGtk9m2VaSDSN,21567087208469
DjyArBxRt8QSEoPD4h6dFmohJT1LLCMXtaDhmWNoo42o,2109103247545
3k8ee24Eg6DLEmR7krw8TYFLuVpacEZa75BEoWjVp5UV,230997022350193
82csqmuNPDoQHfDuhTQgHdXtDH6mqCRGqTh15vtZaGga,20386993724724
8jbGdQpwupb11uwSzyXFWfjRoB4qkJqY4f6AZnWwQLzH,5523841838808
GbwYoWVzPZZ2X4i8oCE2cYNvN8Wahiuxj6NEWBHNzqkX,243322219994896
77zvg5pZLgJ5B3D3EkNSeHnsJ8JBudSpn2gTHbUu8q7f,100433487978345
CCJ3XKXDcUAxohZuvfHBLD1eNkML2mYjnHUtjFBfSy8N,102525517532934
7g1cRRTuk4bTiZbT7igTMsLTf5QF43sFHrzL7syhCPg2,18197543686796
ACjNiidPBzhLqeHbsqHYjVZkRPWZktfiEDd2ZFkVeWdM,100433487978345
Azwr1XHvhfRd1PtD8Bh3tMfVjaohLRfXLBWiM9nU3gWp,6504072681477
4hFZiUWpqggZtcQYH6FBnd1pFRaPPe77S9cyvKCAJ9Vm,26685177755846
5HfygnGQHgPauEK33P3i17dG85WYo2yXSEKapSf3AFHH,4573217038519587
CYHs9waubQ8nsbPzsWMsuiM3FpbqQB1ceRUicaCuAd9b,75878504502519
DLrHw1KYqnbm79GWyGNih9UvLfRzsMF4SVe7nD26kjAV,10320490529207922
JDbkqR32CJexkimVbpKxHAWWgSuJz1XuAi1JeBAEAvVe,248070715306512
DSrGCv2QJ1CERFp12DU2hvPUXZ1FfDXKXYMaHABLock,90390139180510
6HZAtjCGTTXbXKnZM2aKSk6JNw4iWii27EmGDu9noLFV,110119293558976
Bfge7GRiKqBBEEiCaBLv8nNuJpVDfsQ94qB2SbrabJp1,12705840564140
6wGPmkMBgEjj5puKqoCWyq9uijdST2eU4MY2ipTqYvFk,2217696510487104
FGbMWSu4aRAYpWQm9ykR1AAeVryPCjL3KHFroUGq5S3t,242684467346233
EBU8uxjQnvbk5TNCHzW7VXmtm87e9iSwHYesWhNxwJar,10184960015883
5qC7v2swiwcd5rJBZ4yQmYqCVBsVR4p7AjUDvrxLxWvK,6044219420764
5ELqiYoWqpBjPSiwaz85oN2aTWEVXjTizodheoXYVopk,574040656893669
GwgtxAVy47CQC79ReqpMEw1WeHZde43KcDCPrunU2RtK,3416409804503696
9fv5qWGuHzRSg2pKj9WhwP2LKs7QcvvP1vroBWPBc19J,774342192313
Bn2RTVipji6y3HagnFNxmDBR5Rz7hzbMjcqiBtzAFzpG,101437822858
cxrhtjCnhvtvz74qzZRdQYovMakk7Jd8mzm1oETb3Z4,606666475463434
BYEVD5VmFWoqZGvXg294mFLKF1o1zq1gMVhNWrwVH7u6,5523841838808
73qaT3nHh1yNYCryt9c2jtWFubQxnab7ehRhfKb9RMbF,100433487978345
EiKDFpW1RmspX3TwCLGTdjQtdgNULniYUzSCaW5jrA9K,452161606227307
3bQ7sMX98jYX61bKrwMZzi5691jJir3xbLLW2qTY7UcT,13493239109890
5NM4AwQgbHEb6vWAxpyN3wq5LS4vBJgYyM6QXoeRiECn,339643999797973
9oX4tz9aV18VJAzPoFhbnJxLAF64hiwiT61edtXCEkBZ,5448516722825
7wJsqsCPh2FtopuCPNGDnqeDzA8hwJ7J54KL5uvsQmXq,1004334879783
FJ8emQZc2JjDeMxRDR3ZHhFaRVpomH4EmMYA28pLAujA,12990067335119
GQSsU24D3mDNWpTVc4m4wCqr6agiN8AXiLEWnQ54gezh,627709299864657
GVLNJ3372UuKpARDqKdsQw1AyFyX9UuRiKewLpgZYdcZ,100433487978345
uSXaQq2yANqNn3LC72z2DkrrdbaBrZxaxLNv2TSn3MV,295274454656
D5WBjfwB6Qkh7KhgeazUv1mBrv6yMis1tC9vn74cbmnV,1297600664680
H7Z4Pcu52R2dzfVX3mTcudkzB2CbXnzk1acoBKt4HcpN,5523841838808
B7XPYHFtkJMRBiRWPWjeqKHBEB8McEnsfduiL1cmxeLj,1073185755438229
3epmURMznw9XT1AvQW9YttDK5LbmVkK7dFWPs7mfixfN,5872346042093
6ttxf1eNBdRrx5ZG15siodzGSes1mTgmvANZJPpAodXW,188145680588995
BatoG9ZeZHUfo9xmtj6J8zY9QCkzQqb6x359axmoR3pT,10193999029802
DqH6SL2fyopFxCw8YZoiLXC6y37GPpDqkem6vjLSe2WB,2008669759566
8MRkkZMa2x9ZW22ZTgwkrAhFyFczGZpX6QoZteyp31GH,141311926255291
8dTFoR15NVYinRg3uvuGe5tu9qHrP2ECypyc48fcyvpp,697008406569
DLieWNgZHNqe6N6UWgY3Ba41dvNpZPDkpGizTwuM9UH5,50858513977354
EmLZpfAzTqEngUHuMyV5AWJFfoDTLXNB5XGVpjw5Er9J,5523841838808
3HocrJBMwhehTNPdntpPm6ZbhLYPEPWxy9SUHvJPvXFi,47203739349
3G6wS3AGi39FBe7vbFvQNxj2qYP4YpaQPySJWg1Rxpjh,1201184516221
EjMrqWhijMNkWDPBsV8EeM6BNhKGsvRn5JB3Br3frzY6,11043801923307609
B6XYJ5FMQ5zgcmeBGuMD3CPRC5X5mMNQMBfu5u3g5TTv,197107750501660
Etsbfdprpn4oTQPuhpVRWLCURZWSkYeUJXNw1LC8kiE2,1004673340637939
7HPUbMtwZvAx1YUR3nUMbxcLsE8rheu26DbFSBPNPSQM,5523841838808
CMzwj3gXggRdZ2kDYrmSQmyDs5xWZVKoGutASP2eq58G,581509895394
6RCLnRrqiDLvGcQ8r1nPwqC2vVH7VeNu5stXWf7Aa9am,115582875304998
J1nN67MCctxTfPj4SW7upvSm4gEfT5FQHZX5pobgKvkS,1808143253134460
5t1fFv2JjRMXvFCUtDtJRRNg6U11doEhePZTJVwuptbN,5523841838808
2BN4UYpW3L2ksqfeEtg1mZUnrdmJGiTtG3qNAXQouvdN,30130046393503
6De8Ni4jsTQscatnLDJA8SuSBJPkkhCGoHmtMo3i9ufo,3515172079242
isasWCkRe1L4to9WM5orL8FRLqssjT2qjjqM3ijquk9,703034415848416
AuD8bhzkR7Sb1q37Sn6vesZZpVFpCSVNaY1zSRLJ9Mj9,31052025813144
2kYb9FCxE9S3ytECbuyHhKUyi5tFX2b2Zf3EGP4sHKxa,59487759264453
AEmbatdEwohWF8MEimCwZKU62X9WLkUaLcse33GUCuk5,255097042125477
Dp2WkjXTFcQeq8AL7fGY6gxgTD9PhchenF1qn1F4k4UH,35531359376978
6X4bR7NZQKJM6mWpVrHog2kMsar9sFJ7q6r2s9wZoddp,22647751539116
54WbRMkTx4WYQuHxZrhwhUS8tPXNwPuRVbQcZWCKxwcd,100433487978345
4NSJAB63XipusYH2rNsGmjfum8FmH1TW9sdpPgNxWncZ,10043348797834
H9w7zqtJzDfqjgvSzqHZ2zXsgsvV8y1Bw2gySGkaNPUA,100433487978345
64VLZq8iTeQhNNm8qwyyPtyXdaxuY76YLP9h8vuv5JAy,3063221383339
6qWppoR1s5az7tAYAegBawTByjjiZepcXRhQg29t2uZx,5523841838808
EQKwtBJYPoxQQWGLqsFYpeup9wbXpFkVD3qKJHEqJyhp,1457096499417449
AhCm9yW5A4Spn8eDE1vmqkHxUMsSdVwmebeNewJTzpkf,1640078858686
83DnTCRK7wj5D5faDh9mjSHt68B17dtPQKk9xNZnZXET,33163137730449
9pNVJUHexbawMbQrafqz8LJqijpAUaCXFAgMLpqSz5gN,57714103866756
BsJVFnn8QYc4wbFzn55zGkQ2WBzHbeC2dpvZBx47q7ME,40173395191338
FgmSqMj13Kj2bDHqmEAm8zCdTYPtX4YG6qoxAYMBtioN,150650231967517
6TMrEvcSCJ4mLPJCwbXTzhBAP8zPqapyTY91Ng7A6QoB,100433487978345
KrntfwhULst4aTNe42K5za8221f5vNAxjUJbKpxLYjp,22095367355235
2XRkPH9mJFxe1au4NfNGx1LTbtKuDYTaNmPmnCaL86MT,22095367355235
AWrceVQDa2WLNmcvB8coYK4YxGbHqQAj6EyX4Z58ywWy,100433487978345
7pjH44VuMbvRELWXVPDxUwj2vzCpfVWiajeuUAt6rSzV,22095367355235
Bfy9eJ2iNMBexmMpWWN68US6gfot1WdiZXpwSfUhmGvH,96607879141373
3GQ9rLB5R6fQYrhuy45HYXsQo2oqFhoX76pyzbLe3bEq,40173395191338
B9BPa7oQWNfK4RRLeiMNdGivTj4Ak4hZBCGiLBb2eGon,13056353437184
BMUFhU3Hgj2i8dQirGBqHHmyeAHMFxzf7LazZo2MWs5x,11047683677617
FNTK11we7GJnbq6PG2qTZkzqzWRUNQzwvM5ytQNyU17m,11498630038640
F3LaCBAjwjecheWFkaeMNNGZmzMjajwBjEwkbQC6gpqL,22095367355235
Cg2cCf1c6FF56wnmbTireZuSYuMkCNM5qmtDrELHXz7Z,1287288179866667
7AKYyoSkmwPyWCBiGiVkp4RLpwWVa82RoYPrMybbTkEo,5523841838808
B5sGhQZESyeRY6TPG6AM4JSmGrxtTGRGSZWpcjzQc3A8,107363928987884
GSQfJYMbiWUvANWQfeKQfTEFmKmasn4xUGSikC97yopk,20147962023335
GBDqG1qJhp6UeWXmy8v3GkX51zsCnhdMExu5WGt4NyVE,100433487978345
GX6KFMFS6yZGJzuZ28Q5Cbk9RN8Wv8UmNP2abcC4kcM2,1028884841584878
2kzanKpmF51dWbXwsy4rcsmYnjFi2p9P8DAhzkqkr4Q5,732160127362
BmQhzwjcMhyDPjC8y3AiwxTAUeuLN7PTwCaXSwmA6jR7,14930442322860
4w5xFhkXsaFoDSuA36FWDS5eiypzHyP4jP4sMiMFHJ3T,201017626188657
DcPz6JWUHNb1vzbjmm7fG6Dtj3p9xtGXfdCkgMsVNGgj,188814957399
Dg7BYiUs2M6Tn85MEfpAQZRdZH7XtV5GYWDt6xyW4exz,40671545291710
AtheismB2FdeCxRCz7LXLeN8GkL88DBk2mZ5M7AoPtRX,590548909312
6UD9WJ8Hv6jZTciGomweNcBdRy6vzvwaPXgiZtt9aCan,22095367355235
2RavDEerv6hT1AzisKTnqEzr1oAvkiGo53wmmJbkw4sk,10040266907874
RGiW8GwUsHXxVhZFB2wdDPPj4M9EZHPU2E5GXHbgfTt,20732683538626
FqYtts1VmrTKQHF56ts2G516e4bfxqtxorfSfA4ZWqz9,3013004639350356
AscSdgxzaHGgzHVDvNeZ9GK2ddy7ptB8U6GKwJHnWEEf,10005184072402
BpCTiH8nn5jHDG9fYeSPG2rgqhVVj8kiZ4mkKYAZLHqZ,29301470117682
9iB2E1GQwchedCceGsw8ZSnFni4wDvXP55z9KCGEU8i6,22297238666072
ApoBVvnSwHLxryXspxS7fyj8TzqNVD7gNgj5BwN3rHNi,230396346949224
A3wrPahkHp5GnUots2hxEk9usbqZMVMpQ23UcPnz6nzZ,36873150776369
3KtNPTAygH1RAhu6phfXLwaRURZiw8ffd9qGXKXiUPNf,2008669759566
AC3fgCDvE9uUkCtfjUZNmbZPUpDZRuurLyVpjNu9bFuk,401786177327129
CgjNy9E3YTHdf4H7Xxnh6weJ8PdTKNkQMTkVeuUg6Xa8,602600927870
8P9mTQkkHq4w1S4n8DCYrziSmdG3vBRzkmaSRAvBqBBA,333827857686582
2VS6eoyCCrFj9cnScc3fwCPk6XXTK3CbwyoCtacCmUL1,132203613230535
J6ZkToWyFqLfjMyTeFTetQ9QBESyfnz8aS1YHdRtLqJa,33036591535596
HUJMsk11JcBSJ7nyNdgrJpD3gyKDyqGSq1V5apxv6mYw,140606883169683
8y38um5MSPbygY9uLrYdfoWRJ3HkpaHiYZ5K2xqW3aWU,569159589377921
7n4QgLGNKhoYe7RAs2sFZxdSzpkx8gtjuPNydtsXA7DX,251083719945863
5L7hs4ri4Tze8R5Du5A1ZtRKBKRybM8udUpMTbhHMxYV,3014008974230
GHuozZa9hyBZgxy37S7Xde3sd4ZvbX8ATeKUWmkMqjmw,5523841838808
DiLVj2pf7yX2BiQv9pcFk58bX8dWZzQWDQkmiiUs46d,8974937352720
3gQkeb86RoriBRMfMwNw75bYMJThf9BdTxePRJNiD3rL,535939839425514
Bnihz82oerCLcM5oedNrL3AvjjvAR1J4uc6Xfmj48qaU,1317762687391872
CyQb2gzucvpwrfgacnY3HfqWQrtyXPmFeY1MhfB65LT3,401733951913
8ytgmTug1oY1iEDqDEBxn5vundXG7K1fpBC32sXLnTgg,35151720792
Da1848u4eL2ojSDfwpL4A5eSU4GSGfXcnH7A8MyzftJY,69294085030659
NrnKjCKsPMVyyx6yH7oVL8zFciRiBRuxFjdkSm6DR3x,28131419982734
H2o9Q2jgJDTmbtCfkAS2cDzpV1B2DSt7Njy2MtGm7bHi,9378479107417
E8EDt3VFoZiGDc8HNdgC4Ya14aojvzuUVRpq8sM9ZUNE,3347448154318
78Lk9Ae6c3XBQjgyT2e8Abx4YW7aBgAyenT3z2c82Ggz,818455593237770
5NnRTcsbsAppVcCTfFJWf85A3mpF74u65WhQjC28iFpJ,5523841838808
472hwy3RrV56vBSy8ur6unbiJsUzttVoqBQxop7E4LMK,39108800218767
HByKBAzeHE4wTHh9Z6T8aVF4P5wtaqUgsPfatRFjiXM6,3013004639350
8KqZ7VE8QQVM69aMAGU1vvC7qiDrnj451qzVYCi7oPLJ,80346790382676
F39NPE1du3uLtee5vMnWqAEoyrRrQYmBtJquKJ65fgQs,22270093425607
Ctf8wtLoHXVQhZwHvRhBbC38Pvc6LrRGUMjFLXnx6Nxd,5523841838808
GiP8V5utjmvh6oT4fVWJAhYBHTW19GCTcTFbHk1QXnS5,302168209271168
CQruAEA5AYshxefUZknzpCGxPHkP3MhQVN6DfGH2fJcd,104012937489893
CyAH9uQxZhgMwbKoP2CMS6YBwwU3C5BoPUwwbc9L39Yw,41747892954888
5MBQmxRiApmXowr6WbYHzTt4x44kWNYwxAAFgmNoDvb5,1009356554182
BTaRFrVY4FxcHQkS6y4UKfqZSNjj5U5ruHev9ZNAcwqS,1024421577379
A88Nb1uyU7i5ntJnbRU37mAjBYMWtfrKEhEmtHMZKLHF,627709299864657
2fa4drSciHD7kBNkjeBok4LMV8SuyrtBtD4hhVHSZAqK,151654566847301
2nePzeFqwXCsXyD48j4SLaj6X1GRRpjxz6j9zW2cr7bQ,504678277091184
ZEmBSUu8aTZqgpcehKo7dBm6Dtgv1yie1oCMKFFYEHi,2376256325567
By5kxjhrQ5wQ9i1PG5prYM4seVn8pvt7yLZK3u49eBA4,100433487978345
J1r4P6paYHjLCWRo2THk9N14UQSmCobViPZ7tKprPCs8,613648611547689
ABPdmMqUoNQf6sHJX9TFdaC7z6GkqU8wvMtkRyWBmZmg,5523841838808
Cw83ZMuJmwNPt6FrA2e89i1a5ixZkeg97kM5TKNjHtJz,1606935807653523
HBvmx8TiUsxGGmtER5dahqatmbR48WqEUrqJv9RaxkTR,22095367355235
C2W2QbnBGTpj3di6owz8Z1QcBrJ9ZULYu8ipg2su1gCD,125963680622440
CZ7kpxyiJZSuzMMQ4FpWA4nEixsw2YpvimAUpRTAwsXE,100433487978345
GJioARNEHUmMjn1zF212Xikk7sZdvhqaDnbn8YRsVCgb,21343120530278
FqNngmBrsBoxFHWS2ikHfvMQ5Z8dSDUDQYzVP9vwcyFv,200866975956690
CRZpok47HL3wPwTWLBFpnWeKTgecDuLChxVE1hzkKTxo,70304445
8EqsUUwYAuEeen4H3KdTNKy4FFS4XyZEBue8B6dU257p,2008669759566
6m3HvR2eWiSkzF2qvP77LpLiKc6Emui1aCtvSJ4qLZ4o,292253811230686
5nayLST6nqT4Ac3LkfeCsLeAEYRy48TSUa6UioF2i9Xb,11239134800153
DTvEzSSLwUyMV1C9VLrNXdmAJfGXiEWjdFFhhnfG5zqG,9891694230987
DC8v5oQ899sNcVZ4oqNN8XrNoWF89bnXtuoYGxCsJVW6,100935655418236
7y79njE1gqPAh8eU7jZp28pDisM78fRZCjbqx3nWAWLP,10118673913818
Bgdb6ExKUFuU6CRM6MEjqgnLLC4Phs4eJ6Lf2sSBz8g2,5523841838808
3GTtwLXwNpacqJCnd1cb8MnrAUuH4edzgyuFgC7cGUx3,100433487978345
GnWGx2KrQ7xE5xG2Eqrjb2RKFhbFFMVFhcmjXAmCYU5k,26957570448936
DZYqbeRkT6JRyDh2oWTw8zTVFe4ydtwfCj8UywNxrcJr,30130046393503
8DF2JNyXeBa6NyHtHcdUTtPVNhPMUZRtTxe5cTU36ojm,11047683677617
6AQT42wkvNbkrtHAVi1jYb9276vAWn8VPQNyfvEVFpcg,100433487978345
ApK2FV5gzYYQmgWcSn359jqj9mGgZpBXi42N9yHX6JEA,2040122120784594
5JqMQ1K6jkYhaiu4gwtYHaQWbqvbigYcWqtMHQRWegqS,502167439891726
HijDUV6JLc4Prui3FcvGgq6brdLEXGy97JQewDYYkV4Z,10043348797834
2xJ6KS4RVzVegbAhhT4u46sohz14PAC2G69shR534k49,5523841838808
7c2U6Ro7ShxiA9D5AuB5mwGSNiT8NdKWXbXDxpiAcoSJ,1640078858686
4kJB9PUt2RqaGq2w1tAKKvaRUC1eAEGuCpeDtzkHBauQ,10043348797834
7ZZFJFxW3cfvNDoCY7FYJSWaQn67s5d6wL7kGpSV8ALX,100433487978345
7wZde2hXP6KSzCDDEeT6MjbuNXF2YsBMmbYhuc9PKES4,30130046393503
8RECkgy59ogXFpRFy7Q9B6zYMY6RsAF4ZuS2DMxPia6D,2008669759566
Est8dHWDkeE8dHuXLMyTkt5gveg8pUUhbV8jzcsjgbZs,308330808093
FiLEtcW355RQSNRCW8dh64nkjhrTX36S3qAuzibjLnYJ,30587018763805
CT77JUdXbhobySTdvHin6Rh21U6Gqw99rFbKJEyp6BzY,10143782285812
HtzpWAVQyax8bLa6gQ41V1JTQ3GycQrYchMVA2zG1VRA,10043348797834
ACX8nGb1NWmFb4919Urnm26SzTeKjg5ZiZ8ipSSka5RV,5523841838808
Da95HcMFB8Ny78YaPoFXAAxunKduKVDMJg8HjzpB8ka2,57131589636481
3fv8VXWy6XSkEv1NGda1smxxovbJcSmzvNyTHVohSHJx,12052018557401
ACqAXCmhcsjUGsFoy6nkqyRaEFMiCeyVL17XtMJXoqJ,781148569793333
AmTF9CmcSQke2zbszPgiGGQhY3NS3JYw2sJU8pMjVbot,194766645896885
DaKSMXkaaeDZ99ZLn3o7KiLFUmx78P7fzFYRehNJjz1m,3492072377007
HMv5mYgu1T8vsYFhqusSxzdHBXu7i77QoSFuz2TJjT5Y,5523841838808
Cqob92avEUW4q6rEDkHgfQaHKPyJ9jToG24soQrBjfAh,241192025714875
6CTgTqHf6mmdYn1dbt3kZoP8H2wYj2mUv8c75WVrs1j2,22095367355235
3nNM5s1CxSubaqMP1broUdWKDusj63AcrzYqbtzR6JkS,22095367355235
4FpcK1uexPzZ6YATSGKZsWbMrxXG3fiZ2sxDAKRZf3L1,5523841838808
GvJpXtAgF1RoRBsCfxR9AyWeCLtyNCiySh39xDgsmcSo,166893339978255
D6t4xVeg8e4M7KF3f6nCayJXoF772PQ1NE4mFr3a1mD6,341473859126373
Cz6qBZBi7LRyzHuukAuKhwPDf16sjwTVHZ8EcZJrLCYb,50216743989172
GVEWP6uiipNecpwRwghqTwSXbJSEPDLketJzSWDJ48zH,5523841838808
2G2AvMVDHU4WjSfCdvb9ukiYfUnCtJqYGaxwZqH4fc87,1284544311243035
85q8QUXzPznAzwPAZXTrH49grzzgwtk2Zxuozph5PfBK,2008669759566
h7pq46DpvjoBtXk9a8ixY7b8RfJAo516N9sdh7iN2fc,88833420116846
2Vk62FR5pVykCrfKHkVQAWYxES9BtWbEp2TWJgdqGEqK,5021674398
4GhuQTDVttNXZtjTWovrQ4yWSsQAc17KAzF4JuJ4sACF,52140045283957
D4F14pBhddxR8eWQmEDsWph919iUaso1dYWsgZdvHyKF,7224180790282
H6pCuJzzW9dN188UiaX1hsuUedPKn2aCz1iMGucUKUzk,22902439480494
ETaWg8VLWFmkQhbRjXg6CXZNmc1cMKZTXTV7DvGhiq3k,50216743989172
9EqP15CSRrQ7wZFGnNyy9KFmiSHCbrzbCCMsSUPpCAs9,50216743989172
HhJeB9AmZsCk7EuNjYABNBypi32K93JtFCVL2khgYob9,10043348797834
9mULVRQ7ZfnhWM7kQNmaWbUZMMEQ9a32nRzcMcTmq7oY,151111221677338
pDpQxKhdgXPZz8NXW5nzSeuhL4wzCtutZWcr1KvYEQg,20086697595669
ExqoDpHqYQ4hNxKM9DW1B8FDhnaYFQU6jF7xfGGj2DgA,50443723672003
Cvk3nCMRo7MeqhF9KcBLbUYBNnBZf6CJYCGpZoFYCEGH,20193157092926
5ve7PeJjV1NEPnsKagfypkYFqU315TojAwNCqUZx9yhZ,231790446905222
CeGTz9MWHbBthK3vGuQENKFkSE54DqqhrGtYyHPQASbg,5523841838808
5YXUv5d2UfrehvFmrsZPkuZFq48hbarnfG7t9yXb3gC7,7443125794075
GttSa3PFdZPHa2vb4Umh8Uw1iTTfdaqoq5fqWujeisj,464064983222501
jAHFHF8qV2WyyLbFYFRx71WK67GDf24QeFWq4hUkFvS,10043348797834
2BM94jFPqjcT8tfiaHvfEB7rReuc3EQT8dNJYrxcXJ7Y,5523841838808
4GK1p6LFy2XW4tqEP4scpPqhZpJnoUYfZACCYBBD8fLZ,3779312152625
8DKqertaFdzpiQWwQf9CbmnyKVF7MCZFwLJLWwhXLkQp,18765997228753
3TdHiWkCfdkoNvXgwUa4r1F2DtUE67MuY1pv4eKejo8N,21029768047785
G9hDUZQm3LGBmCHBnJTx2BtBoJpbvA3ZonVCkfBUnmvt,20679255174741
AFw4CxsduqXaYSgMj97HB3wtxL1W3g4U7auYAdhngGHN,235929043669203
G2J19AqV1ej1UvbiRnhKJM7viWciF9wEGPtZHFayJHTh,174754269082320
AqMbuHJeV8cQk9LZLS93vYrfhFLeZcY2znBhnDbvoVMX,22095367355235
2TwUB65g8jj3G8A1xS2oM4HUrW5y6YFvkz4Uj2mQTaXL,2262539504469286
q6WcZLZzB2iRJaduXRHkfnEuRLpjxkjj3UoWWwAokhj,1004334879783452
FPzNjRTQMAFLxUBUYjHm3rsbZgyZ9iwdpayQUzb2oox3,4020352523773
Fh99jKmCVZC5zwrq6MY73ZpDCmnZqDi8jY3RxU7HvsRz,501588943000970
BJrjdQkv3WRMS2LgCRFGLWanA3pXkucFo6PZ9XiXcxnU,2008669759566
GZZ9Kfm97BcWLmBDA93RWV7v8HcfNyW4srEbcLYCeukp,200325639456487
BqNX3Mdu84xE69WXCbCbmJLVzWGY3i46tSw1GPGFSCGF,33133007684056
B6No91S5V3FjU9X5UxCviAozrZHnfJro2vqqBKeoeVLM,11047683677617
885UMf9FwpdSPYoTkufdnx2jHUysBVCNZKaDwBbse97v,16831224225126
t6ktDy3Rx5MpXfTUJgWMFJBsLbKGWGFC2WqnEBfLgrG,3253040675618
4WCSXpu1MFBk9vgw3NcGEw2NcUKsqSUakaFUPQG5CK3r,100433487978345
2EwnViXxXubrpeFhhQGVzeSrHLj9vBR92QAPMncxUDh8,10043348797834
2Ys2XXXngBaP4PxuXht8xgb8oYbPh5cn2sZHyjR16z4K,3639608166512371
EqS2NsWYXnKedLusXAXbovYMSVXW8hBsgrbDHfUobqr2,2888467114257
DaHAJRQCyndHny35vkERXxgQF6syemniDnUnFmhBHZzT,5053813115070
948TX8GPHWcNqSapiMQ8W4HGNVkZBXAKregKZGquzm7V,139602548289
EnfECaqzqGzHoeNtiz21YZHoUBgz7rnPmo3mjBS9paLG,22095367355235
EHSFMdgRYGyJVnqPjtLFxy7cnG288wBfKQMdQoTBDGWz,333013342099077
6tFzTyMQyMUGYeEKry5rnwvFrSTDfV4TJnmCeZbJ4Ura,22095367355235
KYbdJusvtGnbT6Lg41j5MqETdphQuDch4hztPimBppt,22095367355235
HGwxkojFvyw7wxyeaEEZ39qTrEEM6RTGmRSpEBcwgLQu,73554473590700
Gyvwu71onWaZ9jwSUQ36DZfm6UVZijrBFZ39hC8iPWdX,52694438137598
A2ixMbVBe1ibDvXYQVHBpvfTpuQGdMTUL81g8Gr2N6P,43191217893264
EFdSBrdvSaEfVDo7GjiZrZa18JzNfCVEN22yyPxUTddF,277946069580605
3skunehQ1j8xAFfZVigTeYrby5pniD5JGJsE36hkSN9e,52967098822386
4bw9JUqzXhdq1fZitjBxRWxFZr959rvdhotukL8pUww9,32284344710639
BPz4M8xt6Po8r8YDgife8nHT6SfqdL3baXZPFdMrVhBv,50217748324052
AAAzwN5qYEcwkF6c6P2QPetKkhVLdH7xuTFuwYkkgARZ,100433487978345
4X2SDV3r6AqShwmC5L9LJZx8fzaS7QNeaUPYG9f6XFKU,100433487978345
2bzLkbkHLcThj6vu9RcwFRUQp5hWzqiwMA2VGMcUUBaD,1079659995767
FJzYdrTuzNaX8vyUdGm3sCNZrCsxoW1Sy6tATY9nDtM,309335142973
9tf6AjbukNyrTzXsrDvtpYTvRxG4evtWJ1qiiQu3YMC8,25108371994586
21jL5bWh529gfZKgjCNdqCS7PknmL2LgsbGdCYh3nVGF,22095367355235
AySKRa22x3nnjCfpwHDEoZFbBmgo369ykG9hSonFucwi,14107892056318
BKA6QLP4Efz99Bn7zfS6uHfrtd6524ZsmNSeU84QQS55,3916906031155
BCxJS7LhfwBSGbyVLGLWBWoNAe6p3se2EdEJnmzJb4Zc,5523841838808
5qgZncCsZURbVishT6HK8dVd3P7dmRLCQC5Gy4vhxWfr,39242325221338
8ZA6SqLjteijAm3Px9WWVeavpXUp99nvvFtd8AmfSzD5,29262301057370
A8bRHUq1jJ6GtFZrwnQzPyBMoNGJFAgsrvraP3dkxBhm,2119146596343
YeaRCk7tuV676Aeh6zkGf1zfHWwvsxUiUuTALCDHmeD,5802822968710593
4HCDYnEacJbNdfbCbeM5V7kXNZFAyciCMDapKoYkD7bJ,100433487978345
2HFPyeQthW4cb6B5NUXNxxmFT13RL25VvSB4EdNHV2qR,10207055383239
F5rhEtEYkCvuAuJd4tUjRQVmVLDUJf5Ls8zpJncHddkc,40173395191338
8FKDrWt1rrh7hf3cfniarBSe2mt8Rg51jtCcyCwnQ3Pu,10043348797834
8KcV6iC9LkoHddLWLzUtPcnL7ASpW3UBGdi79e1QPx9n,3013004639350356
2GEC5PFAqMQJD6ZeJL489g81cbSNr1eEA1aQe6KrRHNH,7030344158484
7EX5krtYnHVH4a2YsU7V1eLFSh3eLDsqCcW6BAUKrnhp,100433487978345
H5DJfre6MiP3AVj3oWCxeqTBRrd9onY3XeDTbDYcqzaG,4218206495090
CuaGcUp3EaPTYZdXiXzwdKioDBctLMvd3LprVvtRhF5Q,194314684691622
6ePFmqmmbgHVi6xsTamJa7szH5fSLCNLuYjzoMSc1b1k,100433487978345
77B2489yPQEWUVS1RoBNgUGfWDTDCNmYqCPBnTQskhRD,9868594528752
6o5qJyU9EkiwkWrf5UXxVfv7bRxjFw7nNrSk4SBwvW8k,40173395191338
3bGKTCUvPbaEE71gzXVptaAk82fG87vg7PYtoyhq1wZf,1038713262718439
D2wiZxkRpo8Fx8JXvR45mxEPtbQja2N7zbDBgnQzZ9xZ,72403505818468
4UCoBstxbvjJYaGPj9XhDY4f5W6PpPgPBZHvUoGY93gA,22095367355235
2ptMcY9hjZf9VLbm5sdKKpDqczUY2SWrfeA18vEJLgn7,4342744020183
DaM16Uo9py2CMtuzzCozfMpTj8xCQ8qUGL3pJ766sZnD,19753258415580
CBjSsXSWmAzXGuLmPhAyB4q7qhGfhfMepJUjCGhHqoCE,101947020642178
CeVS5gCScStP6MkRoXFG5YqfuUbhkeJwiNpJXNUn6vFL,5523841838808
CeNWjP8FAPC7i8ipvq2CDT8N3zxxt6cutnjUaFfCygVb,4017339519133
A3Z8iU7RxSU61SPjyJ2u4EYpWad86mdXRrTLZJWg9Jaz,988788695082993
CU269EoMYnZ9qVvz1CB3ZYUHGj6dyDm5tsdEgRnNBL4b,21837253291131
GEhuCAGdQbn3P6aZ8jdvx8zkTGmgxSxtDuFBfx9nDGy,100650424312378
8wiJTz7Jr2PSNtM4Wwod1z5ftenaWdnkcNxF4PYCoXNV,146259387452435
ASHyw5AywaF7idurLvDTcATFtooU5KtDdkyRsJAFie5w,125017597165684
Eb1LTg6kPinsu5Nt9DVCWTxqB2j23ejsWUr2zHZwn6R5,5073899812665
2DCzQzSu9VW8pkykRRC7N3waRNu1GMEqpGHk63BGopex,10244215773791
9qHosv8vytAqwQQsaBNwUsvbJAxwF3sXhr9M6LXrP3LV,46793970718870
3TWcDCeZhE1QrAk6tkYaQ6aW1whpBNMbm4sRx99zJqFw,148641562207
7BxSdg3JP9rxZ4rgTSGv7ayJtGjxM4ka5uobXpstP2pH,1004334879783452
3cjwpQ3m5n8pwhXBsx1WuJvXgs2893Ag6vv3gXeNM8C2,168572550211595
6EaDAiQ4ztfdhnDesiij14GDf2UNawg1r4zujvWVYCdN,752605304104639
BVrBPJL3rhaXTGU4tWJjCjU2GdXy5cV48tEHRAo6NKmJ,1532615026549
EgwgLp3HoVWe1X5dV15NWkZjqcT1RYnhuVdWbARzj4BU,43955184843270
AVi8HJEqZksYWoarp9JZiK1PRrbvjEvF3Qzv9UoP69MW,5897454414088
Em2MzHjkWZGBEq5jBX5CymfFx5YaajrqxPCvmguySmex,21973842834782
8KYLfRWVgLDqdT2JVYugnhhsTYQUFtZRjeJWQVUzxkou,294831542974350
6RoPxztrJk85z31BRmWNqraqYuoAUNWv9r4DhB4U3eUv,12609424415681
zNia9SXHaokwnvBpoQ7Yp7hrP8f8QCUcQWUQgZez3Sw,9911780928582
GWn57UWaq7QBCwLJdPbDyMTcA76H8asYnnoQwBE6CU5q,16930827639365
4LRYAPMU8EeSR4CNWUzvtEV9s2o4RY14wtg2j2yR4RG2,427806485392559
69WzGPkuPqzsST2HyuUaJnYr236gDUeR9sSyRyhEpTJR,90390139180510
5cCyYp9A9P9EVazz2JawxFGDNUywAbVQyBXKXN45X1sf,273229304045088
4LjZ1UvzwrgYMVYZM2VLjyfJ5mgQjADV8ZtWE4Et17oK,9049057266848
CAdMMTtnMrUcKmuZxCaFz7RPXQsgap1AqYZ7CRZghBd8,5523841838808
4sCEMSqVkyondUHP9LpHMncS6KVzTAf4QKhTtnRts3cL,10043348797834
H7SbsNCr6Kpq8MkPZU4wDBMK6V3uEw6dJBqfXYY9SNPu,4017339519133
7wB46wJe3LuiTqHuHJ1evU5PkcNtTpQDF5ArJJbUbwnr,150650231967517
8m7oVjiTE5D3GBpwUsMx2NaoSrTR3qu6uQZM5iLTAr7K,109472501896396
3gCwomNv3cxNnSqo2jVcc334XcmS2RALSRjsMRfavHh1,25108371994586
F8WthPkayyKqV6E6Rr5TGnaaDwcv66uiD9hyU7FGbdpG,10043348797834
7PwszUGyV5smHLpStT3qgbbjNdwu8dMKsZ1r6NEyRcaE,30075812309995
7uoQMt5W6hQnRMfCxjytwi3zJABAuCkgGi3UFtsVfAiV,200278502666100
GcrCSxxoWKKH6odsA4WN2ygt14AbVi28Bt3bt2Gh9685,5021674398917
HxUksy6jEDYweUKtpM1XX57zQQkkSW6NXpXnTjjnrz4n,533030650747471
CLCt7giLngqKWvhGuZs3zBtq6rFdURS3vdvtf3UBnQea,90390139180510
2HrMsapy1JuG5ybithgecKzKRSFy1cNecz1tRtmTBENo,22095367355235
FxfK4NhdzXqhe3WhT57AQmeXw5H2m3rmH5PgBgVm1Wbk,20719428569932
EuKpU4Gh9ZrbKx1eVfKg6QqL3iGHnW2Vxwto6TDsjBiW,121078595767173
J1CkerdNfsN5FWHnxnPZEwyqWh5L9LuSMPzcAxQ4Nq1X,100433487978345
5BcEheUfdv7iy5HQ2PhyqVD7q9HUpAEcexcFTgCdfVw3,50096223803598
D1pW3c8tEPMLLegdwTPJhs6pzLSrFxv5pHtvZDmPHGsa,220953673552359
81Y8o331aQoTrLnJWxUcuJoRriehNnWfFmaXssikGXSt,6528176718592
HDQKDtayLGXtyqErySqhYZWykUTFjheub22FpD4jeFMA,20524587603254
Ht74ec4KdqPWks1EXBZdLmrxjY3m9p8XCtchoxEQ4kqr,17624068470440
61ApUpeZqeGPhy12FQLWozNn2mNJJg5KEh8sKSgcpexC,11047683677617
A39m9NdpnXHPciJMJhUCffNMcju2NeQeM9w4MHNym2DX,1004334879783452
Dr9vfsUoTpjYCoJ3e3n3ALFs6eWYvCCYbBD14ZC8rvGr,11047683677617
BJJesdKbMxYpzUqcWzpKvMoQm4EqBx1dMACtAsuQH3yX,30130046393503
CZY7XEzUjwTKJYrH924SqMXMRmqwZTwvLFkVMzPQmbck,10043348797834
CiifVQia6hG71YLTp16JT25uts1e78tEMYAYXQNcv5pS,72312111344408
5a63L2XPyTnJ8ZUk2bax5tcF4XsSSLBa1AnzZi6hfreF,30139085407421
GKgUTDv9429egCuUtn2uypoVqVygaCEERZwZiY6d9DMh,547362509481981
4g3e4aDndn76kMF4G5P29dK1xYZT7HGd7LgXt82VJFaL,12267950556554
DRADgeGjBs8TJEVKtfvemRPihLf2uQq3HYSoonqMD9Cp,22254052266241
8yPMXWbEDsj6ihbvACzkZ5P58eWdNWEXibshS611jM9J,6528176718592
FSBYwULyWwPhnjMNmj5HbLeDk7SXwGdBGt1hQRiVJXj,1444296830226030
63vXUHUjnMwWobfrbJuTUPFUxonTdewEpb84zsTPRGS,1004334879783452
EgtHiNg7yUjVKvsNhe8FENPG7QKEgsgh4QeMB9kKKqNu,5021674398917
5xDPT43hgkMwhxsAFmTifxk2Vo2mZ6zLtj7d6UAu9QJ5,191325794598747
2KLmYwS7E4Fe1qfc3KDTdjHaDDgY6yoaS7hNBejYQacQ,5021674398917
6R2DEsHRhgfCJ9Xh7p4GN37B8YoHEAPc7rXSjKuq9HbJ,518959919081705
2Py7cRykioxhtxu1b3tQDxDMkuVT25fofLehKpUVr2aH,375746786898983
BbgNBXSFCmeq98bmeqDGZzVfiFuvoxVevsoAwmFxgnJR,152156734287192
6didQU7hPYBeu9WUBiBkEW8pqUmoAF4HXCYfzB1EmP61,703034415848416
HeJkEexbvviyhiPch2KzsefxkkZEeesQXv74VyscfS9x,5523841838808
2XQFq9VkRg5aotSLdQJ72aeW6dxzSDvJpCG1kcyeaR28,16363341277923
Bf4uygp5SbB6gDBEKg1kpLGVCTn29JWHiTSRbS7zkNKF,22095367355235
6VEcqxTYx3MMzdV6f94EdktrfdN9i3et3MyEsmbZ8ArG,30130046393503
hGBmiJnGz9UThXf1Yvqf9QHP9aehZqjq5MrcS8KJzg1,26112706874
DvnNbzDLjAG39g5KhHZB6Qxmb4hxm3HvbjEFrc2GezvR,22095367355235
Dms8ZViE9fdsmzwkqXCrwVd1xQtu5kfVb3pVKFmZ9MJW,6769217089740
9vV9TM1KWVerUF2qNPPSaUWqNbBE3av8fLfJgZJNZzg,56709768986972
42NsiUk1XH9Nu9LonK8jsBWuLBdo964dDhadVGV6utuG,100433487978345
4wi8uEAQ59oNrYY1kQNHD8LQhpiwDHRAmPPt2novad4A,30798933423439
BzB68ZGseXN3KK6wrhgnNTFBytEBJomRvFFSYJ7zE9pV,301300463935
3P9kyAbn3WZbnvLptNZCrHFXy127YsdFdxfcsMVcsVJ4,502167439891726
2Ts2ZfnaHGU8sayZ3RNAbSDkzyLSUvHP4JcSDGE2eCui,146564597676558
J8cYDAYoZYTAYMtizsT1GxK7PSnVpfKBFHbwvhRwWxCd,24104037114802
4v6UURjYCu5hwBSWizMGRoa7j3P2RgWp9LKsWbpgpXyV,100433487978345
DvbQDbR7hReB4oTmQnhq8mbMwz6NLNWy85C8PRuqKM5d,1117824721198
AwiLsPZgp2Jka7VUaEBDkYanhACDzNh4PffmLfQYk8aU,15065023196751
Hf6T8kemBWRpBLaAc6VVUt2HeTtGGhc4guQ5tSm31tud,219889078579788
ByTeBZE8FhjcAtJS7yq3idLdm3uwzkpx3rGQZgYB6haQ,5523841838808
DBEmQKZPwdUXNpFqDM9hWd7jc63yPhKZxKPe8n2FFyEg,84748790160767
Ao11EQNbAAvQsmSGGwLHmkAoKsuDWurNSDrKe7F7r97N,5523841838808
ioFfpfEDEXPkRtT8EPWs5BBgsQiKtTzku3xQb7yrfSh,10043348797834
HYJPdUPc6DeGz1C9XuQNewSGMSCnWxhqMR8bSyBkMq27,34002761689948
7oDrASxVdQFZuYGDWtjYkK4RY1YmLcsiUFjphgx2bvCJ,2724760528852
akfDY4WEPCXp8rpMRmiL62sHKniLEw7nVKWpB8dmgwJ,30130046393503
95FC9oSVQC58VrL1uvohA7ZbnkgU1cjj2CLiGwYF8oRr,20086697595669
8DF4wkxjZ59JK1pWjG4zFkfs3qnBAesuED5ZUipRqG54,251083719945863
Au2yNuvU42AeAmUR7duNoBKbqaPyDt8uEbZJ3xtW9MwD,42985532854731
Aby5C1e3jGvrLro4bx3dHmYYzN4muo6ECWA4M9UR3jsT,401733951913380
7FDzoZH4B1w4ojEd1UiFsJ4SNAo1DaGtcuaarKhiHS5w,29171910918190
DYGu8t2tsDBDv7i3RuMHKhyH9kUxWP2pB8Q4exKoH7iT,204439395124080
hPvHwjrNjja1iTbRXPNdf5RnFoiVqVrK4hGdCdVkukN,1004334879783
GpuwpbnnTq4SYBgDRcboixdPKYfJv65bhyPwmYwFr8JR,76288273133471
9oErT5XsZZj3DEYc4cSK7t1FE8UorAkQyBavfdeopB1C,50216743989
9AjCgYjNvV2go1G7K61E1REHc3xyogYAyVgGajCv4y9s,11047683677617
FvJiZY5jVow8HPyjULSnMnF2K1ZuT3g8fLnwLLbUAaCS,13960254828989
D81CSbc3zJRf7MxziBEYK9F7DicUWyJHj6DaYEJo21w3,22095367355235
5DGGx2N1nRBV1pzu5wqu4KB8X4FFtWscmzqKiiAP1Cpw,2008669759566
3AbudjCf16MrWwkbXFiNrw7NvFPtKy6tKFzSNV4KF5cU,10043348797834
CxbLRJTH8FFtbomiKJ6BVUqgkvWGYVfW3cCueCbgtUin,46129101028453
mGU4SDBFuipo18Lh5KNiBgE4eLVbdMDTD5NSLNYAQuA,2008669759566
DuBMSiDyviCLJy3QVFBSC6f1cKzihbHfomrPVvqs2ZiZ,437454126247759
GU5BsrSa4VEYB4r7TVvbxtVFkwQm9KXnWaZSDqcZ6TBq,20699341872336
F2fqpcLQL1zUbeEn6PQywXK2fepuffxrn5uhRYn1xrjq,150650231967517
2zgRDHHfTwbvGuCe6QYygtW3NUhST3D7np9SQfFa5w6Z,22095367355235
DWqkfv7u5divuTNoQ1Rg2r3yZFC8cCqAHML6P7GRRVfT,21836248956251
67ccYi41oUAVSC9i2Sd9CjZkE9BwmVFp45iBrMnUA8gk,48240212945758
4nCD3aDF3hu1ojJ32XMW1VDgBHcbjfZfQpe2BTXRv9qq,100433487978345
F3zF3DMNwF31AunQxmT4YARopXebz9Mw1faquVN6wQYb,61336268074180
4DiyifSGVdoHK1beWTbufBJRQjYh4BEKhvBt3UXNe2Hw,100433487978345
3SMEmg2RVfNEUac7rscGR6sJzVpRkC8WpmbsGb84oZ1t,2008669759566
5JEKJFRkivhHdsqXtChCGUwi4NZQWcsvqEvieSFBfAvT,21283864772370
CHBYUQ1CZcDWxoVFg2SY1GZFE7QJL9nMmy6NpqChAH3L,34342226879315
G2oLmB8KHnpAb8hqV8D5TiX4TJpz81ko4yNPxoaovPPp,22095367355235
FjE4zqWEjRTkRt1ZCemMvyhS5M1w2WksQBf7KkE4d88,2008669759566
CQR1noXwGfrpDnKgV2oCBfXuCFW4zU3K3dECwDUdMEdg,502167439891
36vYPTW8WTRsD6QiZqcJBzGkCu2HHNupEHgBc42sZTYm,100433487978345
5BjmtB2ZvH7nQRAATwja9GPge9f2nLqvMX2C6KX3n819,2008669759566
9xQT7isQrrYixUa6Ayqxq3JanbVMRkqBV1rTEQsytop8,3084950336187
BKiTyeXBGiSAhnWGa1vieAWpoBpqm2TPGeuvuw1F3YPB,3967122775144
9GxGzFFuqhoji269p7dgc4yptWtMcE7FCkV4iTqMNrgy,20703359211856
FNG4uFhgpptazor9Ra1JPi5wNRFPbFFjV6VGsm4u2UTj,254367895002754
233tmGZQzzoX3S9NRSFRpcxoimY9HnPYLCps5jYjKb71,1206206190619925
ELAcNWcN4XGLExbDRDehXfFyf63XrtQojmUE6xrd9bEp,2008669759566
CqmrafuCGFdbPu3NVjvEewa7ppNA973eZkxHfmhCadBa,291257115137201
J1uZkfennvKh5uHRA1qTEY393i7QXguVcDAoa2Tp1q7Y,33552819663805
7mXcqaKWbEJtUkaRBqfvKNB6AVRNeYUk65kbwv6Y75FM,20086697595669
35xQWfmb3Kmc6k6jLF9yKjRWjmTHTawVWT8F6zE8Hjno,4017339519133
HSjncbexaqDFJFZXvx4UvfcFfrmAhF2JaF7cABpKw6xY,150650231967517
4ZETtwzLE76URo55HpkWi36ZNoxNjNoP7j59Yi45iYvd,30130046393503
H2veFYMA17bhY9bisJDBE3qSy3zFtXU5zEfYRRYfNSrC,60260092787007
4ULCPi1fGbGEq3f7ni877Ls1Kd8ztZtWDWuUz2nbyrSH,100433487978345
E9Lq7uLCtKxQJtVQS67a9nnVGQq246HzYVTEPeQhMNwD,45195069590255
HCrEGPQGxtJtjpnwAEy8trSzZ61FgkGNMsTTNyPcoMWz,97967845848476
4Zbztyw6cpW69tZFm17XA1a5NL3xGcHucPpXhiahv7Mh,60341831953119
B333QuKE1gjRTEt9vVcktkA3zW3pLwES8HzzRHS56fjj,40640410910437
2jufUcZPhCXGh3MsrX1fcErJ5sYFoT423tHDNhC9EMbT,5523841838808
HpY8nFwGSX9tfkzoojxnfJTPdgVkMH216QMbj6bg3pNq,100433487978345
9FRdZvSKt18Rha228yuxLjD3Jh1DTD6AgjPkRjLLQBVg,20265469204270
Eg9tGj1zrMNBnpssDoVPC6gz9iUDWiFyGnMbVMFdViRB,43041775607999
9MzzByGmbGMbcf1YAdGJ19cv8zHTBr4NHmWoCvcy5PT6,142615552929
ESkpbKTRiiAKaqgyze86miAZeydGtBGDkvzBtUGVKtju,200866975956
88jKwpeKu3DhHmCAGYaNkpnD85kAbW6UFGw7Y6jMqXkz,22095367355235
G2PFMZXcMgYoeZKN3LXFjAp2j7AyiuLu7XJYnq3AcDVx,1004606050200993
B6AEezTvBKsRH9FvkFJDd9aGpinFmGeMDkwcLk1am7pV,161551048390138
ES95mFejpsNmd9hsWfjE7tKXDX3x5EVWK5zYtULPRrZs,509777285275845
3X3c3qnoQ2fcuQKtsuc8WfVCkBZ2NrqEfjDbfwmaq3on,1204720779332726
W7yDHmKhUUvjtvAAZovgurc6thEKmqoiKcq26QYVgb1,20726458914091
4UxdzEJMu5dYe9LNkXWaRT7YCiG85T2rFLEyc2wYZdwR,100433487978345
7XohcrK5Rxah8zaFHT1LnLrARfCdXzCrrYTZgEE7gVVd,22095367355235
ApEb9Ekw4HS1gGoTRR85rRc9gwc3jNTdt7E7EtTrWrRC,30938535971729
FSAsAbD7qDGziaqNEUg5673qMW4YS8NY5Ujj2wjSqhGD,22095367355235
4xSeDFV2t6WafzN2aAHSCa2mbx4YDLDkUmYvYf9RacUe,7691196509381
HHWRSg2NhiuG2E2YmWimtbAGK86cgyDb3v6JRdHKTP8e,6026009278700
Dx5513D3VXJUmBM1Lfh6GLWUydgZxYnF651XfLPJNfMp,10043348797
G4UjxE2pkGMnJhpKqk7JEA3hXAsgskNG23BPj2ufuNDq,99949398566289
Du78kj3hVyr4Jufk6hcXFaVsdyhdMmkRkzGpDMmuFhn6,100433487978345
83Xaz8TYfJ3rG1vQ81C9tEdNAo3kZdRuWyY5Aw4U4hMv,5523841838808
GbmRSAoyrumhXGNiVWcZMqKGJ9ZnWH6zsUCyeBKha89U,103050469960700
HTYKyoDhQ9Qzgw6Kj6N5a6iHV7egxGNWR25pq5RseCUF,5021674398917
hasDWrYhPb2HBSnYRQiALSFt5TgqHuPi5TScCurPCt1,100433487978345
6Fs2DzfdFb11CtU3LyLWm6o8RJYnnpHYNxeQyR6gEwrM,100433487978345
72QPaxjwUbc5M8M2C91AnzuRYPvPpBqCH7RerDoZYEHs,100433487978345
BPvDrKQPWrP1KvxRvkZmWpVH5LgWNZENUDnGeFmZXrz1,10043348797834
CHwhStKajyxoKzB16Xtn1rqZLYQzAJbBrnyDE2Tjvkqd,1004334879783
EqwaWFeiRAUCugWga6zBw6y4TDYL5nFrFFdt1dbAUFNj,670224803995650
C1vPmoRNUm6iL2KkBvtMzm5hggoHwsXr2dmDF33Laxmy,22488062293231
oQWWsxgNH89988qBZx1UBifLMsB4EyDvP8FKuocpXpr,2008669759566
4RV8KMBRQwZpQ9KbDkHZ3gq2fKf9tu42f96mnQHCEKex,502167439891
6PiL8qabNg7EUTsi6HmurHePBRr9A8rHxYFeDrkV2hgb,11047683677617
4vkiiYUnUUGs4vRGJLMjH2db58gKJYeTpSaGw5NAEWmQ,5523841838808
8fMHGrDBKU5wao5Bo6FXyvjEHWpyPYQDtVQtDWstSzyV,100533921466323
4YVvDsAzMua264EWSCq844LrA1tZ221R6orGBtMsciCV,92104538820301
93158AJxgjjMTr4LEkZCxf4pnKZ7p5Z8M3xPyn46jkEu,5021721558569321
8HgqgVpYJzgBN8oShCwMZocUzsFFXiSAf6ixA5XCoRVm,5021674398917
8mNMFu8DXUAmbBprtYKP5jF2KA5w19FMfJNWhLcUdQds,3834676708443
516ocbsqNFKYMzGetnfy4TsEapUwSpXnMgpE1ee19s3g,5523841838808
3TNgx4nsDnPg9xfE1uHUtYFSAaXo8AqxULocwRSgVAVa,1004334879783
8jTQQ8sfKU2KNxGjUipeJA2uBevpE7q34vYRzYoFFbBG,803467903826761
5VWLd8psV7xCtXuu3AgfTAkT964twt8aEtenmmeEmgv1,100433487978345
HHLBAXvopgE8a9JaSx1BRLX49zr85YzdtnqZ1EH7z8xf,43022693245283
BPRfhDRqXTFd8b6aj3sbDrefRQFopY9Z2Z9FEtCsAkTU,50216743989172
Ewf5VgEfZG3HJoMq1nFaKEmDdnRXfz2Wit3jhnnLFaWT,21785027877382
234XvvWveCu9G4zdoanwUufFBUeUyf7JieTrNzaGSjEH,62120120984366
6dLoHNbEX92rdXhyKMcKuTtxSQx261AbAgvaTymHE7qh,10043348797834
6zdK4cPMB1q59kcoWgf2r15f4bQPh8FpNWsg9CmXH2d1,5523841838808
H2fE9ns3u1oSMVwqrn42bKT2Hq3bwN3Md7XPcZzRd9ES,20086697595669
6GyXcN2AQfBYzCVsAtGVw6f42kEvTuk2iAnkVnLn29w7,11047683677617
8iQctNsXz1CK8PB9omKnRuoG6mdX22ufURjbdT1GQdKV,826723277968147
ApDWETeh3dx89LsZCGUvbbreTzRzWDFLTACymzavFeDp,100443531327143
9tV1oADwuAQ9UFkKiJZGRTneZmwyKmDv3shi37tEpTrS,70156808692393
BXUvzPbNRBdejBEb4tdXLVKNKG8ifNRpi2dvuvtxRkTD,100433487978345
83PrUboLYcwo6BAJHYDVNkgLAN7F8YBqkUtwdqix1tM7,20689298523539
ApjQGcHmyrMLtQAy8eNP8HVUoudVju8VDPpCehnSzkXn,22095367355235
Ht3HG1Cm8d9ccqt31kvpWoUJZhbUKBC54mUjPZ1E6rUm,100433487978345
F625dYM993yBZFigB3RMU5e3SxWEDNPM1DboFDA7Yqjh,22095367355235
8VTeFpKk3fWUDgPe8qD1mqW6gFgJBnvSDq8L2PCqxECK,22095367355235
12Led5sMjnGNyFTd2pEoeWwo8Ehy8AcqtTxKFxMRSZ3Z,42836891292523
CJYX9PoFNf5gdJFgQXWESZZvowHhh2asQLKGxgPSQieL,84034708061240
82v3VqW1oyrCCdxc6k4XkN4aw2HZK6ZoaFjzNek4CWpg,50216743989172
3nwLmjy9VLZmRr9EorDL4MsvgKRiFQPLAZbLzPMRKTh5,5523841838808
71BhWPFisjgudLFP7Cj9VWrmPaLYA69yPvSg7GreqrBC,5523841838808
7kBHWnaX1GiawLEdffssB7Y2AywwFN29QjjkKaFMMFXy,10043348797834
6CT5i8L5UAfy7ooJReQ74Ru1ZTedmbxW1o1aDodGaQCy,1456285575686005
G53G7aiSY5p3kYzAdW1Tr1kTTJfqqfehQ9XPXfzpZsAj,2008669759566
B2Gt2reyGmyFWBRLRoF4nVDzd498DP9y5qhXzyumLnUs,201871310836
5gb2XNAY2hdtwXBogsGEkzM3whpDs7bvewMoekS9iADF,10043348797834
3Dq45oMZi8KdrpHkAAwGrUvjq1tyy3qnvDiXKEZKAUeN,1020404237859
DmAyzaqTQqZ1jYA2VuKXmTrmcgWqE7Mc56DowcrUtX2r,119356544683452
3TjhSttfp3GjVpKSRTSPob4uNEJ2oeiZwNhtm7Sn1Z5z,10043348797834
5EUiGwz17tdB5jxPLcUoyA9YUHg2Jo2uSs4jVLzsp6uK,100433487978345
52ZCThzX6Ys5DHg2qWrqfomYxiMygvWj5ozXdPNpUrbS,100433487978345
7obKBRXgz5doz1kr98pFpFLZUwbjGi8vV5XWokbCfQ4S,2309970223501
79a4ScxhaQ1NfX4k3Eya5FSG1uaMza7MF1CuwuFzAekR,301300463935
4LnQL8vtG8nQxLCeE7ykHswUi4dxqGr1mAwsTK95apcL,4683213544430
Ga6NNi53dY8s19FSMRHydHRV1dhz4tTE1wH77GwX5UNK,432868333186667
5hN5EJXuJZ68X67aMiZMfFYrh57nD1EsnFg4njRrV3ie,10043348797834
Hwhf5K9iD1sqSoKrhS2zsd7TGYreku8qWyzEpsrHzv9J,791415885269
G2gxArokGYW3X5CUpZBvWU6fQw13wBNncYRexqDPxJhp,101437822858
EZij3ekpUFgH4kqAif9m2GcTTcVLWW299TzvvQV1v8ye,288242523090330
G6y3oSbEKcBF5zg8HuvrbDeCMm6zk2FxYw6MxMSBQ3oZ,14060688316968
8VxGi1eXQ8jmamAKzuZoqoTNMFvTNZvUPBzBgtp9nHbj,5523841838808
7LT3VYJWVv977oTaCwLa7a24d4AEguvZgHX2LJPr64Fm,5523841838808
6ppxjyBjmWAry29mGbkrij4tFpiyQ7jy6GaWX4atR5KK,93727543986031
5Wf9Yp7F2JsR2MB2p23Sh6reYix8mrwDRpQUKrZSJe4Z,5523841838808
4HofDLrSQHdfL6uh1W3LGwYzsZu6ryjvhMKAT7RnGg6G,10043348797834
CpBV2Pz7Mt36YbVD5QgvNaa9A8Wr2EJP9Xv5QKvCL3qL,5860185926973
b43Zn1AKPNfduU27CC9PE6bwwsnjVf9WWsApwTPufcT,21201509312228
6KpRxdAmxsPxydH4Gx3oUihCEH8s7wRoyh1Ejbe7xhmB,39838951676370
FwHawUq8K4upWBC4hXmDveT6jA16Dd8grcRAFTmQbGTk,10043348797834
CzTMwsWutCyvnWFsvuYwD53ifsJGYbHXZizYKt9DDCqq,14060688316968
3cxoxsX5nkUJpzgk5eFG6X3UFCsVepnoPf9abCEhHXBU,28121376633
2tz4eVoPizgGRCSQZ3cLBpnVehVa6VJnhrNvBaUaTveg,5523841838808
53mp3vXiq29sqZfhH1dZqt8WuHP32hM4YWR2heDZuafy,366669748154328
F1exC5EHsSJFrJLMcMHyKTCgiXFacXSUre7Jm73Me48G,68269663453280
7GzvzsjK2iEs9jmV3bfQzboAHSqt1pP7nm6pXC2BHatk,8659375333492
5X8Hm8DZPN3B8k5Yeo8JrAoKzrp51JVZzZfgPaWRgh7,15567190636643
6auypr6yRLNjQpaLfStqHMS4KrtzTdAzp7qfoAzt6MTT,5523841838808
6kAEWsA9wCEpTr1zJNctJj77c8NsiLKXiQnRRmhy9L38,1004334879783
GkwtLXpy1wbtC66jLtsXDqW4xipHHVp64HZ4oM2gXxcb,35031200606846
AouRHYtRWUjaVpHabyQ8uAxJxQD9sVJ4pKLcBzUJ3udA,750238155198
GNa9E2dWP8e2fg23pRJoiCvJm5cbzomm94YzotpcRh7A,1140178264220206
AbbL3NzdPrLjBbdr3DAbJchEdGGSkUBXhakHgAck27NP,206642905850325
3T3eYx2159KZqBPyQroyzHuhHjSkxiWu4jvNm9pfddUj,69301115374817
BpL5zcSd9ud9S7TQhpeZFw2oDKWHb1CFHTuzF8VAn1ms,10093565541823
2GTPzXT9rrdAHB7PvG9xLTAu8Gov3NSLqqiuuCyE8Cb7,18078027836102
7CfaSD3MpoxFVPDcMVSWgff7MDEKhBsBun42sQg6dPa,100433487978345
8GsM8iRxvwojwK6WA44TVuXkvrQazit9z46r2mSpyRq9,5523841838808
GnyyLUWqaeA56aPcD4rAgTuJJ3W8EpUXN91tR3Tmfzcq,22095367355235
FPEwZJxYTkwND5W328UeEGpMpWDX8e7ENHr185JFpeDN,5523841838808
8CkwrZnhQNdKpTktjKo6a13py1d7mJvv7Tt8aFq5xgBS,27338999762585
CuwUcvdYhvHW1WKJrFRPxfWAF1ecKRPZJCUH9GMSZ18d,14114922400476
Dq7J29fZh4EuRQWpWaC8Fc7VfksvjHwbYwYCAJcd2ZLN,5523841838808
5AaeJLVgBdax6vcrTJWDbjuKxkWj4LWEgDacEFUQDZwH,50853492302955
8J1icStkgmp3brTwmKnAAsP4cLgzo4fHuMwJZLZ15C34,8231528674705
E2Yqo7NpsuEQY4MPKR9BBqfASyQV8exfx5aADdEWakSX,25154504266299
GP5zGTt2viXoDRFXNb5QZLtxMxxqGFSbwvX7N6Fk4N15,10043348797834
73SnrMgs1hu6DTkJeQwaN8DDfL9vskGHk7efcTNZmpES,125973723971238
gGBFwRfuaUBvxNTNHk8eRjAnqQBueeYWVNUzNqJZNss,22095367355235
2pcCDWMVGXYNm1kFVqA5hHNJBfqGkTtZoAPQ2hNKjMkq,5523841838808
A3tsPt417FLTeZPtuKA9ct1WdNVVzPW69HjAu9ysPLK9,667945968153421
AXLacPtmExEBWfoVUxUxYko2qcdsi3k7DjPKpwWbSCeN,717095104165
5kKpjUdXi4Y2rFUxKj16uPHjddXE19P2X2SkchgFoZSV,48641946897672
3QRN7aDCfZb8T4GniPyj54Kq435GJ8H6J57j3cW1LPEw,22095367355235
Hce34JRG5rtPrLjTxyuVbDZPKrMCAzDej6SxeFAYdZQw,22095367355235
CrxKiotkRzBwGFaZdcDZBPsPzYj3nXdRkgzZCWyPN7y6,100433487978345
5QWjBznE3BGTv5jRwomu6U4W3ciZPv6cfgLK9ygLa7QY,8693522719405
7np1ovGB3P6SbKkds98Sfykx4rBsu4sDcosdh8dtUaNw,2008669759566
GihKEaSU2k8umcwjur12C8RuV2QChCTk2ExPUDzMTBnb,5523841838808
B7qB4Y4sGBtszjVTSf3Pr6Nxpm2GZCyA9WU7XdxMuXxb,1506502319675178
49b8PPXGfE5ob8Y8m3jHBzchJaWM2Akw91dvBJkzSpy6,20086697595669
9yhGvjYswytJXS5B3pnDhMx6fwYhTPTRzb5GLK1SzuQi,32138716153070
EGNDnTNr167UQvCkGqMk96eCmBhSmwL8xgZgLJXZPJqH,21771971523945
9Da8kmCnYoTi7hsCzj43n28HtUMKZEBw89m27iz7MwTM,8536846478159
Fth1uvCZdCgNtuNTP6CkAgnT6v7vUM7KVH9cVSC4GDN4,8976745155504
9hYdXtuipRbJDMCWV3NfkYB9aKUYw3F1xTLUR5mQjoy6,100433487978345
5csbeb7TouQNVRxAZTaYTaeyt66vgFjVnckCESrj835G,344811598099216
GLeDuqPLJHYuHoVC59VyPb7eohinJfR8BhgFyirPyYB,645787327700
4wRNpG9ZDMEaiSBi7XLXUZP4Y6bBJhwGs3r31s9xCpts,100433487978345
AbknRk1iTkS8Na42dUqUZc6iyvNh94dmeCHs78ZHhL5m,11047683677617
8STKVr7BZJwB7YXB3E5QsUBuHBimMNrd1QZ8RhxyGses,100433487978345
AXv1phtPxtQ6Tc38WLDKdAMnWi2jk1coFXDJYw1yDiP6,1004334879
5R7FZi8h2kLidio5szkfZXMrx5GifvzsLiwThTBhuDtL,10043348797834
4oBAcXjrLxeWWK6AByJRs7VJfHacBkA57Gq8McGVUsLX,5523841838808
G53xm575gvjPhzD36UDLPnSmrsPysSZayxYrBSqK9BcB,97242716065273
8bc5JiYKoAYSFbKHFg41cBMfn159rh8Kvp9W3ETDYKEt,848054346479868
VhxTHGGQ2Q9ShGvjAmjXL7ThFCWHVpkhowR82RBqspA,150750665455496
D5mJPB2M2P3EXCW7jyo3wCWZjh2JJxfQ8tYC3XL5AkAw,25108371994586
GAXnT4RyWnde7JtaobEjL5UXh1eedTTXuzoo6hdQ8YQ9,514085881910116
2knsLYZ9DcyHEp1XTkrQtUoohrvfkMNLBXL6yBiMBVtb,22095367355235
Fb7z119S2ATq2yZDWFVHR2zcrpsKRwmReBv7aeZBqWxd,231849093328136
Eew3JZNLNLKbrZXzhxrwBBQt83Ma7JNBRdFRGyYsCcMq,61349796131572
EJpt32PrXDPDiDwG7wX1i1mNQYr1MycLFsRt3gy3wsAE,22095367355235
G3ZgRQNUMXTQ1tHYfh4R5DDaQm6iUYdbZnqCAtEa7VSe,25108371994586
6HZuq864BGDFfhS7mJbwZ1cNQPC5oi8bx9tZv2miFhqL,9189664150018
DPuVwESUwtmpqRyrW9pff5aRzaQ9WKgFbCkwzcDNsrjy,15065023196751
DnMeczzw5CEDcRbovm3zayMvuZZiJXRpGXuebqeAqauY,74058649700351
2fzMUrwBER37p8DuZTFkYTRHjNzWhvKJz2rBa6o9fR5D,5523841838808
9RNA6uga4mUHGviiZpN4DsdnAqbsoEs9peryM1QLe3XM,10043348797834
CGvShAqHdJTTTh1bLuuqQp37U6jyVhDAXjPvmkWKnjRM,1004334879783
EiX7maykrJ45BqbHFArheyJDqyVPSWDEQxVYhRE7XgCm,1004334879783
5SG8YWYWufaVckDQjLaHQ5gXhrvuuA4vSWWNhRdg5xCF,2008669759566
CYcaLFEiomL36DZmhS48xRT1VJHyPxcvQseY6QngNbfy,5021674398
6XvJyXYQy4iXfVEPULLmBaDBK5b2EgrxuATgdP13iWvv,25345668478481
6H3frp6WZMghnt3YULz1MoU2z37seMyridmumnXwFZe5,10388839996480
3RYNSSenQo2k7aHjqioLqLLNU8n95sHVVA7b1QVvGR52,100433487978345
AFjgCAKBVW1Nx28VwhgNEWdYLccsGHu3WZ7HqZNAMm2S,142735566411807
GjutQBYoNCfcKaoxiBjtUrvXcx7sKYRddyY6GY1renKX,39169060311554
ckX1JEqJCvCfgGB12d5Ryp4vznH4TZdeE1H6ev8y2ij,148641562207
AYpNE7saHfxxp4w673nxVefEWujcnnwBXWPjkBjfrm4,13116613529971
A1VMWnqTZHdSQ7uRb5Kc97DNY5VsdzRigs2gAkctvKFJ,106044706951695
EfgfBJT44464SvXgdS4eBBLs2Dcv4vmP2RAQQLXZa7Nu,2510837199458
GygTQ6JgqcTcp65gBWNSb4nBoLtR7d7yboLeaCpbEvFT,245621142534720
6oQ4jRgPTsC8fGsQvf4xYDJM4JiGTj5fExSHxkiaiPtW,100433487978345
UCfZrxGUWcgWX5FreGuT4AHd7qG5ssisiYxdDE2dsGS,12052018557401
96erjw4cKRFyypS1exXxxDTawBbptW8HVmXi2awUgrwW,200866975956
DPhMoJVYaAAZBkokeQCkGtapKWed4uJVooAsSMPsaDxk,100433487978345
4c6MiyWzXfLupD6R232ie9EjqK56ciHouB4NiDySAovx,16182847917950
DjPsTHNWzHghwJygTWeaMECFJUBSCSJ87zNw1EGzbcvz,67383840089311
HxzapZSvHGK1wto3SaXUPSdagMUjRAExxM2wsFbbVnfX,1068165383068089
CW6aLPwGEpT1EKtUTWMvJCaggzz2Qj2v7eyfTb85VVyt,10043348797834
3YacNwFdSD1iRwcPvBv5fSmjHkT4snSNxDiXWdu5JqPt,55054625105089
EZxFVDXGACbULtXYazn6EpLhiW4FYGuYfS3jXNPK99VD,31134381273287
FK7uT6uo3JWSpSFwtK6KeVXJd5eychXCVWArkteZGt46,106278716978684
6d1xjagan7mxfTEYGTkrGsEB91sesS3KmsMmJamSbu9M,22095367355235
GWsmgsEJZMTuD1GLpdupTBdmUUhGCxL7cxQwdVyhPY1j,37623645222764
6pX488d4GcDu4YvCZJNiHWRzZqYYTYjV1djgV5eVuzsJ,2008669759566
5LTBQoANbb8PauXJfssXYk3ns8k5kfMjywcQLitmYK3J,703157949038629
84KDitupPLm3reNhQsxCvAwvHa8oAFRNmmiKtsn77Hk8,22095367355235
B6a89vzHT288BjwpfC4Rv3WH6DTF91XfwLxwVRuGahmZ,20719428569932
AtCm4FM3EKYeQd47JXaSae82BfyVWfWCKzbdmKsZtQTi,768979044054997
HLtBjEx6qUrmVFcLUh618exRsAscrFaAnKwbu76x9NjY,10178100803358
GUTnJenhmYLPvStJgRRPm8UQTuk5teL1YKCXEGZf5dAf,65739743891105
5W1ffeersp99fqY32ziQfiFJTi2FC4ozH8q4xndctTMo,1071625316728
DtspVBoPjXzufdSa3pUiuCtv5uwwG4bGLjB6niXYi5Ju,5523841838808
8VvL76qmadcTFFpyZNcAWHyR8HAijw7KoDMFUzDV8d3g,2008669759566
5bbhKCDpR748oqmm4uwgtxtp1f61dQ6RcWumXpR2sa5W,5523841838808
J9yf2LzW8V2szrQLDuaA1PnWrRYMDYwGFU8oQuz1C8Wp,2499789515781
FNcrF6nt9BXswJrHom4hNmXCeW9no2C8wKh5UqdP8ueu,10043348797834
3UHzZhyz88JRmFYFrBjqKvjLXE5A7QyeCNP92Ny8z8Hi,100433487978345
CkNdMYTqqsjsfRg2LZEqLVnGjzDQM4Qm2LLneFxuV4A,5523841838808
86dirhL6U7xV6LG5F8gntHL9HZPfi1iJHymLXtWVmWd2,5523841838808
E2g9KvJSmdN6QKLpqoPBNmEkf5goQmB8aduZgkvy8wwC,100433487978345
8B9uwossB6Cy9EgXqufxHvRCS1j3m7RP72z7gVQSkHvo,22095367355235
4aahbBo5LWQkM729PPcmw7ubdncg9cBALc5saDRJva5o,5523841838808
HQmqvwr9KkiuYiyAbjSRfV7ym4Ka4MFLMrCkNiGW7oeq,4218206495090
ATbe5XeM7csC2yTHM5WfYgSJ2Q4DntajzourigDcoAdZ,5523841838808
CZTXJepwszd3215zanr6jnCuV2nj9eiKS8G6To5rpERF,1004334879
55hWxP8ovyUTEPrzxRsZzoGUaj7gER2AbV6QdhibgjFN,22095367355235
J5PgfBuyxbBZtcV1FxpYrp6nNJpNokf5uXHo2PVqnwDK,22095367355235
BFZ2MBwprFfLCcjFkXLghRGnZiThgRrf3UY5AhqbKZaB,100433487978345
5bkXqcQNALisMxqCEkmWmvRpCJFUe6iqwJYZth9Q7D6u,35073382671797
3fQCt3XaLtU9cT94tMUrNpksgnHCBXbk89SfpoXGQ6dT,4972461989807
4W7ZagGUi9hYkdYMQbC7pLFyD7ow9LoCHSF19hWCdkQL,42587816242337
3244qz8ZWoaKhvHehXQo2nCqKozq39Zi3BsiQNoF18D9,4478329228954
854ZRT89MuEKa8aEGexmiKJbupiGdBU3kCnjisaokCta,54234083508306
AjdfBpSQ6CWYVA7RxYrzi53nM6J1s6UKRj8HonsDPd7L,20528604942773
cmxWhgNykhdnsBfWJhhwWzWsPyRzehhkhy9Zw4LZnxe,5523841838808
FGHdmN1CD2fyJhzH78h9cJ1aRsh8FrUKeogCJxFFpQiY,100433487978345
Hro4ZSBkZcAMN2LJoEGVr7Tamq5DtAkJQVnNzRaAVBmm,284701821376854
DNXFnYqr2X18w1f76ijtmhSLXMtwhbXrAaLAjz4BDzth,22095367355235
4g4hqks6WiFotX71AJ3CKnZDQmUpW6Xp2sX89bs9MM5E,1498467640636
ALgAbHD32sx5wsJVWyaH7F9erLoxFbSadC4NMwKRSdb4,343438591357109
HU2mHMDaNyouL2J9hexfPEL6ukMs588aSyqurr1mtwAx,11047683677617
CTMYDFUGRsxaY8vujVDbQbYPsA7YDDQ6BqFQ73aQ31KZ,5523841838808
HUWGR47nr8WozWLLjx699MPw3DprUBseDEJfLhLw17k1,8200064806309
671SPjpA8qRVg65JNgNbgvaFepdgvCMVg2Dy8hUhCTcg,5523841838808
3q8oYWWxHZ767ZUibCgV8VRqE5NUjvYNu572FDiM3USZ,5021674398917
2cyVCzGDhPv8H8SFYuU4R2Hodrxyg9yrtn4mW1VdX82V,22095367355235
2SQddNgKe2MShEAdQyfoJ9EsLsNaE3kPuvSRGLhKdxvn,5523841838808
4TQ1iNUjqrwkJ3gHkAjwyKjKFnxLojtxuXrUjDmxNTSE,22095367355235
CTNZxTijgC5hq9jLUtTdqAX2P6JyxJaSQAPoDNBmb9Yr,6026009278700
7WfNd2oTwWJNxMamf4732LkEfNPkBDxwc6HdkmGQfDch,375832471228089
7RBJp6KzCyx1z1odm6vEUUosWYG82tSNN4yDgadCmcX2,6026009278700
BSn2qBUrhmNGui6gZr8gfkEEvebp6Ues5w8oD8Q21Uah,5523841838808
EZczWk1kXitQEjLghKGWF81mXyyteoGfzxTW9yotDQkV,1453933423397552
DaT6sZRQUPEb8Nq86Jjac24ZRxF8pzvQmWrx6UoGM3iX,188132009681036
FaQHYifjSo6MwBFopibH4inxXVcgSpY5Qx8sTK5PRSAH,22637708190319
5HJKHueZ1WLiRJ57XfMUWD8xpZ5YXxGtGGJkzB5e9KHo,451887422805127
E6SzrkwNfetB327AHuDuLXrJL8128p6pTAsoLxwHNhjo,10043348797834
2DsfVYxJqmaDQhy56vjfDSFm4r4QH7oNYiMNs553q2sy,100433487978345
7ymzMppbnz1S8qto9aYLSbwTHB9FEjJz9xsEqvzytE1V,11032618654421
9rTGoV5bHifRZ1z9iqXyySS8mQkWrhKW5icothmzGPpq,2008669759566
3LmezgH4SXKi1x1GFeQYGNN4x3qeYfr1VSJeqUahXg66,21050859080261
BF6LJRDhrGAYhSHMTcFXznogAKVGGNpJaMuEbkrRmJ5t,254850980079930
14fegvuifh5NnM6UxJhQ3tsiF6LYsbHxUYPXiuHWzgKx,169458810829828
G8K8TbFJze8zWS7eq7pNS2sZyzU1CKNyvYVkVcFSycT7,5523841838808
Bm9EEDcHN5g8m24fcqM3Be8uvEyey8sZnSDhzksbbGdt,36278584527537
2BESdgXZQqKJJseigQnrvj8J8i74FUsEGGuMbWA151u8,394201440315004
AeN2zF5pvnP51nnMq5uegdon2ChAxUVtcZ45kJkFVX9X,15523613725298
CHp5SwTt3g7qqJD19aBNY4zYKoiXoZfTR9p6fZbDrfis,4394969433932
ADVrCRMoKkLq9pHvFq869TogfhFV5gZVF9dXVt8LopTd,158045612480858
4JYds3cWdmgfZsR9uuy1EYreeddVsZjthCHevz1cdtcg,2567627471912
6kFHyPC8s5W2fp83MpyFK9VTtJQyewZ38jJQS2XEuXBn,283357016972824
8RsEpUCuTW9B92Fa4DMS6dW9iihptNBYUjnzkEWo5kt3,30457459564312
ChajBcBTBK8m6dwqVLK4jBWSxAGcFoSDMjABzB4Q1Rm7,593561913952
DghtrK8LbAzEoq1DB81hHpGDj25HPFfWuedVaJc6qKfh,1527593352150
DUhZb3ctHHjFbuDvwB8x3xH9nkHzAdEhjF55XQ7fJH3y,3013004639350
DxX5DN8PK2bmvnFcsJTWF4hfiQdmx1MhQn3EpJJanKRV,22095367355235
3LGfN94XaJTGeYiWp2martrPdQUm1ogchDw7JX1TLcMS,5523841838808
BcsPPCBAopsC3XSri6HBziMQ7nDWfocfWZPFF4YgWCai,20700346207216
9ANHFuRcA6qavDWqSPvp4YNkekbJqb2UB6YMuJNMUA7v,10043348797834
443sqR9AiwPCY4uvZKD8J6mUUkAmSZQhouogV9Ccb2BF,11236498635017
45D9dwoN4PAVam7j3Em9Frc5GrS2yEmmDs6GRL8yC5Kv,5523841838808
4af3KZjxhSqpaknd221BdfG9WMaJRFTzmFt8nb6Uw7hs,100433487978345
EwgtT2qwNsVw135wyDnFtLc7G7fbUrZqT4oP5QGVdxRG,502167439891726
DtwxNjuPSNwXQ9ew8wgF1KUnQMER21Abgneateqv7Dud,5021674398917
HLVUXPeH2bQLDEhswMqAZLpDtfXTLDS1cctAKQEUr4hk,1467606264700
7u6d4p2yBC2SfvnuS5RHyxKqb6D82rXPVxFG6h1AYQ3t,934812688206
DwMMHGCuRNxzDXXLbRVJ4yv9U5iJWurWS7hXNuj8PG8W,11047683677617
Cy5y8JPhM6qorNR5M48bZV9KQQ8eGNGaxTP2e2hA1xtp,602600927870071
ARcAijCqj6rzRp7pUnkAtvSQcNCpzaYwnjqsyoyP58Q4,502167439891
2L8WvbRP3qmfFoNboUHmag1VNis4xC2EyxTNDMZASHhH,22095367355235
23C8fpt3cQUG3jUerZ2zf7z9ntDkQ75VJQgzSvSrFiB3,21055880754660
ENbda3UQYPT6WsX9y5iNyVesWrxHzSURWdWcfaPgipp7,22095367355235
Gm6uQpTsx384BBrQacT6Acn2vCPwSgG89LJdY7Qk3saZ,100433487978345
DF5n3CgNnTmZNHTXxqinynCFvvVnJeGqoVbE3qwGhMi3,5021674398917
BYZuEqhnzvjmgtwDss8ntXxhMUommpPsByake7Yyr5cw,13546468858519
2QFdi1w6kyKLJk1YBasyg9KYyEPasGWswCZw8y2SXkT2,22095367355235
AckfGaSUKFgnwgXeTjf58htd32p5aATBe8VAydkTqTkb,19082362715885
8boZKokAbmusSCy1aSgSbQA9qmZtxenuScc2cnYtitJ1,105912134747563
DbnRnJLH3TBYpRodfdr4F5DD4HqPBFiycy7NVcBEZ3JG,50216743989172
43wQriZLPHjZRxDDFnEFCzrDFDA9m6i136XoUWgjBV15,22095367355235
7ELr5qE8Q5nWKuZmWmeaHGvhohnYedCLDgouKFvNVCdT,5523841838808
CWDDKNZzRYP4PzrdNTWaE6qj61i8vEefYFYiazjdMXmv,22095367355235
E3jx9dJk7v97ic7jHDzU2VRmUNGMZxxwFqrBSn7FBXY7,179775943481237
CNQoJ2sNfLEjeuk4HaUugZFhEVgaymGCJZ2MH8fzjtfU,22095367355235
94KcGiGhC8f3pUfqr66ffnRZNo8v992aLipgut4bLdgs,138412411457356
4Q37gvRpUYQhkF17dq1c5TDi5rvidjZvL8sgaVDyFpUL,27101976730956
FkoRW4c1ybJ5VPBt532SyiHD2YnqYz8Donk1AFouRcPx,10043348797834
8dHgoweAMEkiHcaurfYhZMMPQopZhxZMPxcbmA7Vddnw,3013004639350
5utmQEyPpnkXBqVr2S8GRXj7bsMUmVXXcQUJVB8iiQQV,7833812062310
ADbeiy15GXXbRWiFaeaLgmKh1sYNwc9aeLdL8h3DKdvW,14060688316968
9DevLxF4qPRzVCTNXjQihfJbQWes6pDcrpiJX5wLNErQ,10043348797834
2XnK1MZ2ZhdxVw2L75SvWQfDNuxGEZtGUtE6vpaFvCiL,24548957466546
AehiDH6t8ymCM98FeKWztY3En4do6eBfxDp9oy48Gijq,3013004639350356
2pZLHfMCgdHThntTgqdJG9gQCYmr7q3NLbJhcRiL2sq1,5523841838808
9V5e3DKZXPnAg9foDJ8sGJNSsxt54vm1gu9yaKo88mg3,1635057184287
EkWFRCjiXoQ9E6bZqLxdYShDsiwUDhMAhxkihGqeh3Pi,22095367355235
D2Bxsa8CVbPhnd89MmrfJfNPDY2PAQZ2RT7GdhQpdoiS,1887257724619642
GmYU7Uod63Lc3SEqR8P9r8iMykyrb4KTHWqzfQ7MDSbp,200866975956
4FFCqEeNbQToFvMP9AfHAqoovTFNSE3hsGS6i9zczcKi,45446153310201
6sLaiAexCr6gdXGzVNy3JNg6BiDmUFTUEjubjz3nJJUx,35151720792420
61VHLuhbQL3Uu9Uz4TGHxQMEUaF7wefNBUV42Acd8nQx,18418497360348
o4EUUQ5VFAijMHvD4nrYYPmvepq5XZYuQB2tBo1ws3D,125541859972931
3yA4mFnyryPUHyrNdXLeQHeG21A4f25zcKrpFr5WmgUC,609211460048805
3Ma8mM1DWu8hpj3NvW2Qe896NtzKGR1xGK22BZmPr1cx,3884767315002
DxH2PK5yrFt7xavE6KXXViM4phQaPz6FEmzXVKQ85R1J,2008669759566
2zyoyMk9sLHv8waTmgD9mvy1gvjug9hDiKn9mAoUKoji,5523841838808
8ELfdZpohUzw19VHHHHsFPy2vQdbFn2pTuTTyuiNubat,21311986149004
AZRfYWUKuE8PmnAHZhqHxDPpBEVCoUEYJfqhB3FHToLj,22771284729330
2z5URmEZhBGNw5XpRAACVPCBqCaPV9pi4CawxBgpyAdx,363569226481
G9rEtWPTR1hgabXFcirj94QnS88qxpw1oA9J2tGGCs12,10043348797834
HU2nTRuq8HywfACwX9xdoRH6VSAFPjXCFM35wiDnwQ3U,329428898674955
2PAeXiqkKMaFKyqgAptvEkWYaotAXEAxLmFSZuhuJfBp,4961414306130
EN71n88vX6xwhm41LgQBzSLmAdJ7cF94r5QhanVjXNmR,20865057127501
5r6nTZZfi994edy9XnnNCXNYpVtRwChMqwNqa32wyYjY,2008669759566
NBYBzTx2z6GFTBtXmf6tLSaD434sAXvhoKSiDRUfy91,1670029129136399
FPaoPyPWApE4LcgMSNB1Sk1w44EqtqyTZzviqUUwzvwz,5523841838808
8CPLHRoRDSHEFUDUuuMx113zrenc6bMJcH6R62mSMD3p,100433487978345
GULtgAga3QJzEGoVtVY6C1RSDzggTf2qejNZ3Z1PgTqZ,51442962248276
DFUYT4guUuKJtXcLXNTuzvMPGV35G6ukQEeA9iqZAsZ6,21541978836475
HkZhR3dG6WBJh7a1amLhRsTKXmBc2BVMLmuQCTuwBcLL,100433487978345
7RZwhTw6JNf2dyrHJwkQPiP4P82jNuf6GbUBZDDH6VQY,5523841838808
DNh8ZiCFXiw7vd1e7iiSdew4kNcjCyQGhXCHsAvPwjjs,151654566847
9hTHBtoi7mLcAoUyRHh2MtQrhzaUdLiURdfARSJTEwJe,21060902429058
5jJwND2KQZRdSVPnc5ZLWDnKm83kXssVJNHCUAeSASBF,100433487978345
5p5p2c2J238bwV8RrxPKyFv8XBCuNqLAe5rJ4m71gJ4N,5523841838808
G3wrXsUPbc3pmF8iUkoUTePVbagE8mXJj8SMskdQoWNe,21794066891300
2RwCgpvV8uFpCuEUWi99qCgJuH9Hhvnbbt2bQfKjamhx,21039811396583
Df63K8ZeJb5BMaewd87qXYFFsUgPJHHFuuayyWKE66Hb,5523841838808
ATQZB73RJopur3g5pRQXUUvvhNU9Sxhkfqx3Sc1f5NrV,623691960345
BGh6cgMzSkqyYaaZia1BXFCpkgEwZ677AFWC6gC6hCCn,54554466334957
EHNqwEN5MY8CdTCkR5bJcgxwaTrG9ZCVn3twaTxYMHzK,101350454965477
HcWCVsuoirzmMq7KKyjHMcWoUwoYdn5zvZMFaH9RpkvC,3013004639350
GnRNJytUb4T1Sj4iW3aNqW34b1L5KqUrmgrM8wgixPSw,100433487978345
3w9k15iYtH2fk2MF24WYYwM5FjYAUtbe3pFqpkAJtiK8,21606256268781
4EjKWbwUxJJ1vbSeHqqfryUxfHhc3c2U6qxK18YMn3UA,22095367355235
CQGrkJWphxyQDmK8Y75ib7UyBYQmSdGMtmnW6aSQ4hLS,20086697595669
4u5QLN58appfnFVH3y9H7sRJS3v4k7iq61ujuMQ3DpWz,5021674398917
6RidZvRFCRoSsq7AFszv8x74ZfJCdzqYRU47yWWs6ija,1004334879783452
FBFBNEuTGad3g5cmXqzsnM8k9218ckCCvZtkgDA53iVH,100433487978345
DQZhmZZZU3axQGa6XWe696T9q3Apm887vySYzjrPnWQS,18961842530311
9nfQVVkngjZ4ZpQhUnbjmHEtHRtJGBgnfRQ7ivDZSZa,1004334879783
55sBMaPuNzkzhwi4pwomnsv5hrwL7i5is7AJ1r3ReDMj,1094725018963
76cVfiyfgfjT4kiZpeARfUq7Vk3pUo5JReupQ93b6qE6,215152635286730
HKdWdhFziPVWpJY3SiBXPDc4LRGh9hCFRNr536K5tM19,301300463935035
B3V78wFLo8X62z7aUqXmmX2eitg4GFpduyEeyVLMv1n8,1035798682897307
FCLMV6ZTmRTFxRhQ8XsAej1XcVTRQhLgWiBEsmh8PrTZ,20086697595669
6HoR7K6YjnGrXq2n536Tja1vFopgnBvW8pNNGDiD8Xx1,14611063831089
